"Date","Mean_cfs"
2007-09-30,"51.9"
2007-10-01,"26.0"
2007-10-02,"101"
2007-10-03,"103"
2007-10-04,"80.0"
2007-10-05,"55.0"
2007-10-06,"43.3"
2007-10-07,"45.6"
2007-10-08,"47.9"
2007-10-09,"49.2"
2007-10-10,"50.0"
2007-10-11,"49.8"
2007-10-12,"50.1"
2007-10-13,"50.2"
2007-10-14,"50.7"
2007-10-15,"50.3"
2007-10-16,"49.6"
2007-10-17,"47.5"
2007-10-18,"43.1"
2007-10-19,"37.4"
2007-10-20,"34.3"
2007-10-21,"26.8"
2007-10-22,"27.9"
2007-10-23,"47.6"
2007-10-24,"47.9"
2007-10-25,"34.5"
2007-10-26,"32.3"
2007-10-27,"32.1"
2007-10-28,"32.1"
2007-10-29,"32.1"
2007-10-30,"32.1"
2007-10-31,"120"
2007-11-01,"368"
2007-11-02,"380"
2007-11-03,"348"
2007-11-04,"228"
2007-11-05,"247"
2007-11-06,"220"
2007-11-07,"234"
2007-11-08,"459"
2007-11-09,"451"
2007-11-10,"509"
2007-11-11,"532"
2007-11-12,"558"
2007-11-13,"557"
2007-11-14,"538"
2007-11-15,"565"
2007-11-16,"638"
2007-11-17,"672"
2007-11-18,"648"
2007-11-19,"606"
2007-11-20,"599"
2007-11-21,"637"
2007-11-22,"636"
2007-11-23,"592"
2007-11-24,"591"
2007-11-25,"654"
2007-11-26,"662"
2007-11-27,"654"
2007-11-28,"648"
2007-11-29,"581"
2007-11-30,"539"
2007-12-01,"726"
2007-12-02,"748"
2007-12-03,"853"
2007-12-04,"783"
2007-12-05,"756"
2007-12-06,"870"
2007-12-07,"919"
2007-12-08,"949"
2007-12-09,"985"
2007-12-10,"969"
2007-12-11,"1280"
2007-12-12,"1350"
2007-12-13,"1340"
2007-12-14,"1230"
2007-12-15,"1170"
2007-12-16,"1130"
2007-12-17,"1130"
2007-12-18,"993"
2007-12-19,"817"
2007-12-20,"829"
2007-12-21,"922"
2007-12-22,"962"
2007-12-23,"939"
2007-12-24,"864"
2007-12-25,"865"
2007-12-26,"872"
2007-12-27,"843"
2007-12-28,"782"
2007-12-29,"698"
2007-12-30,"605"
2007-12-31,"677"
2008-01-01,"753"
2008-01-02,"798"
2008-01-03,"810"
2008-01-04,"768"
2008-01-05,"683"
2008-01-06,"721"
2008-01-07,"784"
2008-01-08,"942"
2008-01-09,"948"
2008-01-10,"869"
2008-01-11,"818"
2008-01-12,"814"
2008-01-13,"879"
2008-01-14,"864"
2008-01-15,"847"
2008-01-16,"838"
2008-01-17,"760"
2008-01-18,"681"
2008-01-19,"665"
2008-01-20,"610"
2008-01-21,"562"
2008-01-22,"637"
2008-01-23,"691"
2008-01-24,"766"
2008-01-25,"822"
2008-01-26,"882"
2008-01-27,"715"
2008-01-28,"788"
2008-01-29,"798"
2008-01-30,"798"
2008-01-31,"883"
2008-02-01,"821"
2008-02-02,"800"
2008-02-03,"827"
2008-02-04,"824"
2008-02-05,"839"
2008-02-06,"795"
2008-02-07,"792"
2008-02-08,"783"
2008-02-09,"783"
2008-02-10,"785"
2008-02-11,"787"
2008-02-12,"784"
2008-02-13,"804"
2008-02-14,"793"
2008-02-15,"806"
2008-02-16,"893"
2008-02-17,"994"
2008-02-18,"1040"
2008-02-19,"1060"
2008-02-20,"1040"
2008-02-21,"1070"
2008-02-22,"1080"
2008-02-23,"1210"
2008-02-24,"1060"
2008-02-25,"806"
2008-02-26,"1130"
2008-02-27,"1270"
2008-02-28,"1420"
2008-02-29,"1570"
2008-03-01,"1420"
2008-03-02,"1690"
2008-03-03,"1700"
2008-03-04,"1510"
2008-03-05,"2480"
2008-03-06,"1960"
2008-03-07,"1500"
2008-03-08,"1280"
2008-03-09,"1040"
2008-03-10,"801"
2008-03-11,"930"
2008-03-12,"1180"
2008-03-13,"1300"
2008-03-14,"1410"
2008-03-15,"1570"
2008-03-16,"1670"
2008-03-17,"1670"
2008-03-18,"1730"
2008-03-19,"1780"
2008-03-20,"1470"
2008-03-21,"1390"
2008-03-22,"1440"
2008-03-23,"1140"
2008-03-24,"1270"
2008-03-25,"1680"
2008-03-26,"1720"
2008-03-27,"2150"
2008-03-28,"2360"
2008-03-29,"2450"
2008-03-30,"2650"
2008-03-31,"2990"
2008-04-01,"3300"
2008-04-02,"3380"
2008-04-03,"3210"
2008-04-04,"2660"
2008-04-05,"3270"
2008-04-06,"3070"
2008-04-07,"2710"
2008-04-08,"2590"
2008-04-09,"2900"
2008-04-10,"2660"
2008-04-11,"3120"
2008-04-12,"2830"
2008-04-13,"2730"
2008-04-14,"2780"
2008-04-15,"2270"
2008-04-16,"1770"
2008-04-17,"1660"
2008-04-18,"2140"
2008-04-19,"2460"
2008-04-20,"2830"
2008-04-21,"2540"
2008-04-22,"2290"
2008-04-23,"2650"
2008-04-24,"2860"
2008-04-25,"3090"
2008-04-26,"3650"
2008-04-27,"3890"
2008-04-28,"3780"
2008-04-29,"3780"
2008-04-30,"3430"
2008-05-01,"3210"
2008-05-02,"3040"
2008-05-03,"3110"
2008-05-04,"3360"
2008-05-05,"3440"
2008-05-06,"3430"
2008-05-07,"3320"
2008-05-08,"3250"
2008-05-09,"3470"
2008-05-10,"3570"
2008-05-11,"3580"
2008-05-12,"3640"
2008-05-13,"3480"
2008-05-14,"3090"
2008-05-15,"2950"
2008-05-16,"3050"
2008-05-17,"3140"
2008-05-18,"3080"
2008-05-19,"2530"
2008-05-20,"2190"
2008-05-21,"2110"
2008-05-22,"2590"
2008-05-23,"3680"
2008-05-24,"4620"
2008-05-25,"5230"
2008-05-26,"5100"
2008-05-27,"4670"
2008-05-28,"3890"
2008-05-29,"3190"
2008-05-30,"2860"
2008-05-31,"3170"
2008-06-01,"3610"
2008-06-02,"3980"
2008-06-03,"4020"
2008-06-04,"3940"
2008-06-05,"3860"
2008-06-06,"4080"
2008-06-07,"4150"
2008-06-08,"4240"
2008-06-09,"4620"
2008-06-10,"5060"
2008-06-11,"4490"
2008-06-12,"3020"
2008-06-13,"2780"
2008-06-14,"2480"
2008-06-15,"2320"
2008-06-16,"2390"
2008-06-17,"2380"
2008-06-18,"1940"
2008-06-19,"1610"
2008-06-20,"1600"
2008-06-21,"1580"
2008-06-22,"1670"
2008-06-23,"1720"
2008-06-24,"1670"
2008-06-25,"1490"
2008-06-26,"1260"
2008-06-27,"1200"
2008-06-28,"1210"
2008-06-29,"1160"
2008-06-30,"1250"
2008-07-01,"1240"
2008-07-02,"1440"
2008-07-03,"1360"
2008-07-04,"1080"
2008-07-05,"804"
2008-07-06,"630"
2008-07-07,"600"
2008-07-08,"560"
2008-07-09,"404"
2008-07-10,"329"
2008-07-11,"549"
2008-07-12,"609"
2008-07-13,"637"
2008-07-14,"639"
2008-07-15,"607"
2008-07-16,"460"
2008-07-17,"391"
2008-07-18,"390"
2008-07-19,"575"
2008-07-20,"486"
2008-07-21,"538"
2008-07-22,"616"
2008-07-23,"678"
2008-07-24,"652"
2008-07-25,"278"
2008-07-26,"286"
2008-07-27,"358"
2008-07-28,"225"
2008-07-29,"130"
2008-07-30,"126"
2008-07-31,"127"
2008-08-01,"131"
2008-08-02,"103"
2008-08-03,"99.2"
2008-08-04,"145"
2008-08-05,"222"
2008-08-06,"537"
2008-08-07,"202"
2008-08-08,"108"
2008-08-09,"392"
2008-08-10,"172"
2008-08-11,"145"
2008-08-12,"125"
2008-08-13,"133"
2008-08-14,"133"
2008-08-15,"133"
2008-08-16,"144"
2008-08-17,"284"
2008-08-18,"258"
2008-08-19,"255"
2008-08-20,"231"
2008-08-21,"202"
2008-08-22,"185"
2008-08-23,"171"
2008-08-24,"202"
2008-08-25,"255"
2008-08-26,"180"
2008-08-27,"174"
2008-08-28,"176"
2008-08-29,"279"
2008-08-30,"232"
2008-08-31,"325"
2008-09-01,"613"
2008-09-02,"640"
2008-09-03,"358"
2008-09-04,"201"
2008-09-05,"139"
2008-09-06,"119"
2008-09-07,"107"
2008-09-08,"106"
2008-09-09,"112"
2008-09-10,"304"
2008-09-11,"232"
2008-09-12,"160"
2008-09-13,"164"
2008-09-14,"161"
2008-09-15,"158"
2008-09-16,"156"
2008-09-17,"159"
2008-09-18,"154"
2008-09-19,"157"
2008-09-20,"166"
2008-09-21,"178"
2008-09-22,"181"
2008-09-23,"160"
2008-09-24,"161"
2008-09-25,"169"
2008-09-26,"163"
2008-09-27,"165"
2008-09-28,"161"
2008-09-29,"156"
2008-09-30,"157"
2008-10-01,"154"
2008-10-02,"154"
2008-10-03,"151"
2008-10-04,"152"
2008-10-05,"899"
2008-10-06,"713"
2008-10-07,"451"
2008-10-08,"408"
2008-10-09,"425"
2008-10-10,"416"
2008-10-11,"406"
2008-10-12,"833"
2008-10-13,"642"
2008-10-14,"647"
2008-10-15,"725"
2008-10-16,"502"
2008-10-17,"450"
2008-10-18,"385"
2008-10-19,"332"
2008-10-20,"270"
2008-10-21,"175"
2008-10-22,"163"
2008-10-23,"154"
2008-10-24,"161"
2008-10-25,"164"
2008-10-26,"162"
2008-10-27,"151"
2008-10-28,"152"
2008-10-29,"160"
2008-10-30,"138"
2008-10-31,"211"
2008-11-01,"412"
2008-11-02,"425"
2008-11-03,"431"
2008-11-04,"383"
2008-11-05,"412"
2008-11-06,"410"
2008-11-07,"414"
2008-11-08,"387"
2008-11-09,"388"
2008-11-10,"438"
2008-11-11,"450"
2008-11-12,"438"
2008-11-13,"462"
2008-11-14,"501"
2008-11-15,"605"
2008-11-16,"582"
2008-11-17,"600"
2008-11-18,"560"
2008-11-19,"487"
2008-11-20,"480"
2008-11-21,"489"
2008-11-22,"497"
2008-11-23,"497"
2008-11-24,"492"
2008-11-25,"494"
2008-11-26,"483"
2008-11-27,"499"
2008-11-28,"543"
2008-11-29,"513"
2008-11-30,"487"
2008-12-01,"483"
2008-12-02,"475"
2008-12-03,"462"
2008-12-04,"452"
2008-12-05,"457"
2008-12-06,"489"
2008-12-07,"490"
2008-12-08,"490"
2008-12-09,"485"
2008-12-10,"494"
2008-12-11,"496"
2008-12-12,"489"
2008-12-13,"489"
2008-12-14,"496"
2008-12-15,"517"
2008-12-16,"621"
2008-12-17,"659"
2008-12-18,"704"
2008-12-19,"830"
2008-12-20,"861"
2008-12-21,"833"
2008-12-22,"809"
2008-12-23,"818"
2008-12-24,"825"
2008-12-25,"782"
2008-12-26,"771"
2008-12-27,"793"
2008-12-28,"780"
2008-12-29,"790"
2008-12-30,"796"
2008-12-31,"822"
2009-01-01,"831"
2009-01-02,"833"
2009-01-03,"812"
2009-01-04,"725"
2009-01-05,"657"
2009-01-06,"637"
2009-01-07,"780"
2009-01-08,"787"
2009-01-09,"808"
2009-01-10,"815"
2009-01-11,"802"
2009-01-12,"801"
2009-01-13,"826"
2009-01-14,"831"
2009-01-15,"838"
2009-01-16,"831"
2009-01-17,"827"
2009-01-18,"829"
2009-01-19,"840"
2009-01-20,"858"
2009-01-21,"844"
2009-01-22,"859"
2009-01-23,"810"
2009-01-24,"793"
2009-01-25,"792"
2009-01-26,"788"
2009-01-27,"772"
2009-01-28,"766"
2009-01-29,"776"
2009-01-30,"761"
2009-01-31,"753"
2009-02-01,"707"
2009-02-02,"714"
2009-02-03,"701"
2009-02-04,"750"
2009-02-05,"770"
2009-02-06,"781"
2009-02-07,"783"
2009-02-08,"782"
2009-02-09,"811"
2009-02-10,"772"
2009-02-11,"769"
2009-02-12,"734"
2009-02-13,"741"
2009-02-14,"709"
2009-02-15,"721"
2009-02-16,"694"
2009-02-17,"708"
2009-02-18,"719"
2009-02-19,"714"
2009-02-20,"775"
2009-02-21,"770"
2009-02-22,"797"
2009-02-23,"798"
2009-02-24,"694"
2009-02-25,"643"
2009-02-26,"670"
2009-02-27,"698"
2009-02-28,"683"
2009-03-01,"803"
2009-03-02,"689"
2009-03-03,"623"
2009-03-04,"727"
2009-03-05,"780"
2009-03-06,"782"
2009-03-07,"775"
2009-03-08,"641"
2009-03-09,"673"
2009-03-10,"701"
2009-03-11,"764"
2009-03-12,"709"
2009-03-13,"619"
2009-03-14,"644"
2009-03-15,"687"
2009-03-16,"611"
2009-03-17,"589"
2009-03-18,"531"
2009-03-19,"518"
2009-03-20,"472"
2009-03-21,"466"
2009-03-22,"466"
2009-03-23,"466"
2009-03-24,"498"
2009-03-25,"655"
2009-03-26,"886"
2009-03-27,"990"
2009-03-28,"1050"
2009-03-29,"1080"
2009-03-30,"1120"
2009-03-31,"1110"
2009-04-01,"1130"
2009-04-02,"1120"
2009-04-03,"967"
2009-04-04,"971"
2009-04-05,"906"
2009-04-06,"758"
2009-04-07,"623"
2009-04-08,"590"
2009-04-09,"615"
2009-04-10,"598"
2009-04-11,"559"
2009-04-12,"682"
2009-04-13,"751"
2009-04-14,"864"
2009-04-15,"934"
2009-04-16,"953"
2009-04-17,"999"
2009-04-18,"1110"
2009-04-19,"1050"
2009-04-20,"1050"
2009-04-21,"973"
2009-04-22,"915"
2009-04-23,"921"
2009-04-24,"1030"
2009-04-25,"1290"
2009-04-26,"1550"
2009-04-27,"1990"
2009-04-28,"2450"
2009-04-29,"2560"
2009-04-30,"2100"
2009-05-01,"2160"
2009-05-02,"2730"
2009-05-03,"3200"
2009-05-04,"3160"
2009-05-05,"3450"
2009-05-06,"3670"
2009-05-07,"3560"
2009-05-08,"3450"
2009-05-09,"3950"
2009-05-10,"4200"
2009-05-11,"4230"
2009-05-12,"4190"
2009-05-13,"4440"
2009-05-14,"4710"
2009-05-15,"4600"
2009-05-16,"4470"
2009-05-17,"4230"
2009-05-18,"4100"
2009-05-19,"3820"
2009-05-20,"3630"
2009-05-21,"3530"
2009-05-22,"3430"
2009-05-23,"3560"
2009-05-24,"3680"
2009-05-25,"3780"
2009-05-26,"4060"
2009-05-27,"4060"
2009-05-28,"3790"
2009-05-29,"3670"
2009-05-30,"2110"
2009-05-31,"1150"
2009-06-01,"912"
2009-06-02,"1010"
2009-06-03,"2020"
2009-06-04,"2190"
2009-06-05,"2280"
2009-06-06,"2280"
2009-06-07,"2160"
2009-06-08,"2120"
2009-06-09,"1960"
2009-06-10,"1880"
2009-06-11,"2070"
2009-06-12,"1920"
2009-06-13,"1750"
2009-06-14,"1430"
2009-06-15,"1410"
2009-06-16,"1450"
2009-06-17,"1330"
2009-06-18,"999"
2009-06-19,"879"
2009-06-20,"743"
2009-06-21,"677"
2009-06-22,"533"
2009-06-23,"539"
2009-06-24,"563"
2009-06-25,"541"
2009-06-26,"395"
2009-06-27,"297"
2009-06-28,"395"
2009-06-29,"604"
2009-06-30,"725"
2009-07-01,"866"
2009-07-02,"971"
2009-07-03,"859"
2009-07-04,"816"
2009-07-05,"734"
2009-07-06,"683"
2009-07-07,"556"
2009-07-08,"413"
2009-07-09,"340"
2009-07-10,"202"
2009-07-11,"108"
2009-07-12,"95.6"
2009-07-13,"91.4"
2009-07-14,"93.0"
2009-07-15,"88.3"
2009-07-16,"84.7"
2009-07-17,"85.4"
2009-07-18,"87.6"
2009-07-19,"101"
2009-07-20,"110"
2009-07-21,"95.1"
2009-07-22,"354"
2009-07-23,"269"
2009-07-24,"233"
2009-07-25,"216"
2009-07-26,"182"
2009-07-27,"170"
2009-07-28,"173"
2009-07-29,"165"
2009-07-30,"131"
2009-07-31,"135"
2009-08-01,"166"
2009-08-02,"218"
2009-08-03,"151"
2009-08-04,"96.6"
2009-08-05,"84.0"
2009-08-06,"83.0"
2009-08-07,"94.9"
2009-08-08,"98.2"
2009-08-09,"110"
2009-08-10,"110"
2009-08-11,"112"
2009-08-12,"109"
2009-08-13,"108"
2009-08-14,"165"
2009-08-15,"324"
2009-08-16,"278"
2009-08-17,"246"
2009-08-18,"200"
2009-08-19,"132"
2009-08-20,"105"
2009-08-21,"103"
2009-08-22,"99.6"
2009-08-23,"105"
2009-08-24,"289"
2009-08-25,"345"
2009-08-26,"335"
2009-08-27,"230"
2009-08-28,"169"
2009-08-29,"147"
2009-08-30,"96.2"
2009-08-31,"101"
2009-09-01,"93.7"
2009-09-02,"100"
2009-09-03,"109"
2009-09-04,"115"
2009-09-05,"106"
2009-09-06,"116"
2009-09-07,"119"
2009-09-08,"118"
2009-09-09,"106"
2009-09-10,"179"
2009-09-11,"186"
2009-09-12,"235"
2009-09-13,"214"
2009-09-14,"224"
2009-09-15,"184"
2009-09-16,"191"
2009-09-17,"829"
2009-09-18,"1000"
2009-09-19,"518"
2009-09-20,"326"
2009-09-21,"381"
2009-09-22,"203"
2009-09-23,"103"
2009-09-24,"107"
2009-09-25,"116"
2009-09-26,"112"
2009-09-27,"111"
2009-09-28,"123"
2009-09-29,"113"
2009-09-30,"114"
2009-10-01,"110"
2009-10-02,"110"
2009-10-03,"108"
2009-10-04,"108"
2009-10-05,"111"
2009-10-06,"118"
2009-10-07,"110"
2009-10-08,"108"
2009-10-09,"114"
2009-10-10,"111"
2009-10-11,"118"
2009-10-12,"114"
2009-10-13,"103"
2009-10-14,"99.9"
2009-10-15,"100"
2009-10-16,"102"
2009-10-17,"104"
2009-10-18,"106"
2009-10-19,"139"
2009-10-20,"248"
2009-10-21,"453"
2009-10-22,"349"
2009-10-23,"149"
2009-10-24,"119"
2009-10-25,"222"
2009-10-26,"240"
2009-10-27,"226"
2009-10-28,"211"
2009-10-29,"267"
2009-10-30,"268"
2009-10-31,"384"
2009-11-01,"471"
2009-11-02,"478"
2009-11-03,"456"
2009-11-04,"443"
2009-11-05,"444"
2009-11-06,"446"
2009-11-07,"469"
2009-11-08,"466"
2009-11-09,"474"
2009-11-10,"450"
2009-11-11,"439"
2009-11-12,"460"
2009-11-13,"461"
2009-11-14,"464"
2009-11-15,"474"
2009-11-16,"531"
2009-11-17,"561"
2009-11-18,"534"
2009-11-19,"551"
2009-11-20,"576"
2009-11-21,"568"
2009-11-22,"591"
2009-11-23,"626"
2009-11-24,"611"
2009-11-25,"546"
2009-11-26,"550"
2009-11-27,"578"
2009-11-28,"569"
2009-11-29,"544"
2009-11-30,"572"
2009-12-01,"544"
2009-12-02,"565"
2009-12-03,"572"
2009-12-04,"575"
2009-12-05,"559"
2009-12-06,"514"
2009-12-07,"514"
2009-12-08,"550"
2009-12-09,"626"
2009-12-10,"652"
2009-12-11,"628"
2009-12-12,"562"
2009-12-13,"585"
2009-12-14,"593"
2009-12-15,"607"
2009-12-16,"706"
2009-12-17,"704"
2009-12-18,"683"
2009-12-19,"657"
2009-12-20,"660"
2009-12-21,"676"
2009-12-22,"653"
2009-12-23,"669"
2009-12-24,"660"
2009-12-25,"669"
2009-12-26,"678"
2009-12-27,"666"
2009-12-28,"640"
2009-12-29,"616"
2009-12-30,"522"
2009-12-31,"567"
2010-01-01,"616"
2010-01-02,"664"
2010-01-03,"678"
2010-01-04,"681"
2010-01-05,"692"
2010-01-06,"714"
2010-01-07,"723"
2010-01-08,"725"
2010-01-09,"730"
2010-01-10,"709"
2010-01-11,"722"
2010-01-12,"709"
2010-01-13,"706"
2010-01-14,"725"
2010-01-15,"727"
2010-01-16,"722"
2010-01-17,"717"
2010-01-18,"718"
2010-01-19,"766"
2010-01-20,"788"
2010-01-21,"761"
2010-01-22,"790"
2010-01-23,"864"
2010-01-24,"797"
2010-01-25,"782"
2010-01-26,"734"
2010-01-27,"670"
2010-01-28,"701"
2010-01-29,"720"
2010-01-30,"717"
2010-01-31,"703"
2010-02-01,"708"
2010-02-02,"709"
2010-02-03,"717"
2010-02-04,"725"
2010-02-05,"732"
2010-02-06,"741"
2010-02-07,"740"
2010-02-08,"752"
2010-02-09,"737"
2010-02-10,"713"
2010-02-11,"694"
2010-02-12,"700"
2010-02-13,"712"
2010-02-14,"737"
2010-02-15,"751"
2010-02-16,"768"
2010-02-17,"766"
2010-02-18,"719"
2010-02-19,"656"
2010-02-20,"741"
2010-02-21,"742"
2010-02-22,"748"
2010-02-23,"748"
2010-02-24,"748"
2010-02-25,"721"
2010-02-26,"697"
2010-02-27,"705"
2010-02-28,"698"
2010-03-01,"635"
2010-03-02,"639"
2010-03-03,"591"
2010-03-04,"509"
2010-03-05,"527"
2010-03-06,"602"
2010-03-07,"649"
2010-03-08,"691"
2010-03-09,"701"
2010-03-10,"705"
2010-03-11,"714"
2010-03-12,"696"
2010-03-13,"658"
2010-03-14,"653"
2010-03-15,"655"
2010-03-16,"633"
2010-03-17,"634"
2010-03-18,"631"
2010-03-19,"588"
2010-03-20,"627"
2010-03-21,"714"
2010-03-22,"668"
2010-03-23,"669"
2010-03-24,"707"
2010-03-25,"777"
2010-03-26,"828"
2010-03-27,"856"
2010-03-28,"841"
2010-03-29,"806"
2010-03-30,"770"
2010-03-31,"753"
2010-04-01,"797"
2010-04-02,"911"
2010-04-03,"919"
2010-04-04,"910"
2010-04-05,"892"
2010-04-06,"965"
2010-04-07,"1000"
2010-04-08,"933"
2010-04-09,"912"
2010-04-10,"881"
2010-04-11,"848"
2010-04-12,"891"
2010-04-13,"1130"
2010-04-14,"1680"
2010-04-15,"1940"
2010-04-16,"2380"
2010-04-17,"2780"
2010-04-18,"2730"
2010-04-19,"2180"
2010-04-20,"1890"
2010-04-21,"2380"
2010-04-22,"2900"
2010-04-23,"2800"
2010-04-24,"2520"
2010-04-25,"2570"
2010-04-26,"2600"
2010-04-27,"2130"
2010-04-28,"1860"
2010-04-29,"1770"
2010-04-30,"1690"
2010-05-01,"1620"
2010-05-02,"1630"
2010-05-03,"1700"
2010-05-04,"2000"
2010-05-05,"2000"
2010-05-06,"1740"
2010-05-07,"1750"
2010-05-08,"1780"
2010-05-09,"1830"
2010-05-10,"1930"
2010-05-11,"2300"
2010-05-12,"2260"
2010-05-13,"1820"
2010-05-14,"1590"
2010-05-15,"1370"
2010-05-16,"1340"
2010-05-17,"1340"
2010-05-18,"1320"
2010-05-19,"1770"
2010-05-20,"2060"
2010-05-21,"3270"
2010-05-22,"4410"
2010-05-23,"5160"
2010-05-24,"5330"
2010-05-25,"4620"
2010-05-26,"3390"
2010-05-27,"2320"
2010-05-28,"2010"
2010-05-29,"1900"
2010-05-30,"1650"
2010-05-31,"1600"
2010-06-01,"1820"
2010-06-02,"1960"
2010-06-03,"1820"
2010-06-04,"1680"
2010-06-05,"1640"
2010-06-06,"1640"
2010-06-07,"1670"
2010-06-08,"1540"
2010-06-09,"1310"
2010-06-10,"1170"
2010-06-11,"1130"
2010-06-12,"1070"
2010-06-13,"849"
2010-06-14,"616"
2010-06-15,"434"
2010-06-16,"349"
2010-06-17,"335"
2010-06-18,"285"
2010-06-19,"243"
2010-06-20,"194"
2010-06-21,"165"
2010-06-22,"158"
2010-06-23,"165"
2010-06-24,"132"
2010-06-25,"243"
2010-06-26,"198"
2010-06-27,"235"
2010-06-28,"239"
2010-06-29,"578"
2010-06-30,"393"
2010-07-01,"311"
2010-07-02,"201"
2010-07-03,"155"
2010-07-04,"470"
2010-07-05,"225"
2010-07-06,"146"
2010-07-07,"134"
2010-07-08,"175"
2010-07-09,"193"
2010-07-10,"159"
2010-07-11,"126"
2010-07-12,"139"
2010-07-13,"101"
2010-07-14,"88.4"
2010-07-15,"75.9"
2010-07-16,"109"
2010-07-17,"96.8"
2010-07-18,"88.4"
2010-07-19,"88.4"
2010-07-20,"101"
2010-07-21,"79.6"
2010-07-22,"79.6"
2010-07-23,"75.0"
2010-07-24,"121"
2010-07-25,"226"
2010-07-26,"341"
2010-07-27,"675"
2010-07-28,"602"
2010-07-29,"405"
2010-07-30,"377"
2010-07-31,"309"
2010-08-01,"415"
2010-08-02,"742"
2010-08-03,"626"
2010-08-04,"468"
2010-08-05,"617"
2010-08-06,"655"
2010-08-07,"802"
2010-08-08,"618"
2010-08-09,"475"
2010-08-10,"242"
2010-08-11,"122"
2010-08-12,"73.4"
2010-08-13,"75.9"
2010-08-14,"78.5"
2010-08-15,"69.5"
2010-08-16,"197"
2010-08-17,"569"
2010-08-18,"419"
2010-08-19,"190"
2010-08-20,"79.6"
2010-08-21,"75.3"
2010-08-22,"73.2"
2010-08-23,"145"
2010-08-24,"332"
2010-08-25,"205"
2010-08-26,"92.0"
2010-08-27,"67.7"
2010-08-28,"45.6"
2010-08-29,"50.9"
2010-08-30,"46.6"
2010-08-31,"181"
2010-09-01,"207"
2010-09-02,"49.7"
2010-09-03,"45.3"
2010-09-04,"43.4"
2010-09-05,"42.1"
2010-09-06,"41.0"
2010-09-07,"40.4"
2010-09-08,"39.2"
2010-09-09,"38.7"
2010-09-10,"37.8"
2010-09-11,"37.9"
2010-09-12,"38.1"
2010-09-13,"45.2"
2010-09-14,"36.7"
2010-09-15,"34.6"
2010-09-16,"31.8"
2010-09-17,"30.2"
2010-09-18,"30.1"
2010-09-19,"29.2"
2010-09-20,"47.9"
2010-09-21,"69.5"
2010-09-22,"173"
2010-09-23,"1160"
2010-09-24,"893"
2010-09-25,"554"
2010-09-26,"353"
2010-09-27,"231"
2010-09-28,"119"
2010-09-29,"75.0"
2010-09-30,"62.7"
2010-10-01,"39.9"
2010-10-02,"100"
2010-10-03,"201"
2010-10-04,"213"
2010-10-05,"38.3"
2010-10-06,"29.5"
2010-10-07,"26.5"
2010-10-08,"30.4"
2010-10-09,"30.6"
2010-10-10,"28.4"
2010-10-11,"31.5"
2010-10-12,"29.9"
2010-10-13,"29.1"
2010-10-14,"28.4"
2010-10-15,"27.5"
2010-10-16,"39.7"
2010-10-17,"28.1"
2010-10-18,"27.4"
2010-10-19,"29.4"
2010-10-20,"31.1"
2010-10-21,"56.5"
2010-10-22,"164"
2010-10-23,"131"
2010-10-24,"125"
2010-10-25,"94.9"
2010-10-26,"70.5"
2010-10-27,"74.7"
2010-10-28,"93.2"
2010-10-29,"78.6"
2010-10-30,"71.2"
2010-10-31,"125"
2010-11-01,"273"
2010-11-02,"274"
2010-11-03,"275"
2010-11-04,"331"
2010-11-05,"334"
2010-11-06,"318"
2010-11-07,"331"
2010-11-08,"312"
2010-11-09,"348"
2010-11-10,"437"
2010-11-11,"473"
2010-11-12,"490"
2010-11-13,"507"
2010-11-14,"505"
2010-11-15,"502"
2010-11-16,"542"
2010-11-17,"541"
2010-11-18,"543"
2010-11-19,"535"
2010-11-20,"536"
2010-11-21,"527"
2010-11-22,"516"
2010-11-23,"499"
2010-11-24,"479"
2010-11-25,"464"
2010-11-26,"530"
2010-11-27,"502"
2010-11-28,"452"
2010-11-29,"432"
2010-11-30,"427"
2010-12-01,"430"
2010-12-02,"428"
2010-12-03,"419"
2010-12-04,"402"
2010-12-05,"397"
2010-12-06,"405"
2010-12-07,"411"
2010-12-08,"479"
2010-12-09,"483"
2010-12-10,"489"
2010-12-11,"488"
2010-12-12,"483"
2010-12-13,"476"
2010-12-14,"584"
2010-12-15,"866"
2010-12-16,"1040"
2010-12-17,"1670"
2010-12-18,"1150"
2010-12-19,"1160"
2010-12-20,"1180"
2010-12-21,"1160"
2010-12-22,"1140"
2010-12-23,"1070"
2010-12-24,"934"
2010-12-25,"864"
2010-12-26,"846"
2010-12-27,"849"
2010-12-28,"883"
2010-12-29,"942"
2010-12-30,"816"
2010-12-31,"735"
2011-01-01,"647"
2011-01-02,"613"
2011-01-03,"643"
2011-01-04,"603"
2011-01-05,"559"
2011-01-06,"504"
2011-01-07,"471"
2011-01-08,"519"
2011-01-09,"446"
2011-01-10,"453"
2011-01-11,"464"
2011-01-12,"592"
2011-01-13,"599"
2011-01-14,"620"
2011-01-15,"621"
2011-01-16,"629"
2011-01-17,"632"
2011-01-18,"653"
2011-01-19,"652"
2011-01-20,"513"
2011-01-21,"533"
2011-01-22,"583"
2011-01-23,"570"
2011-01-24,"588"
2011-01-25,"602"
2011-01-26,"681"
2011-01-27,"707"
2011-01-28,"707"
2011-01-29,"703"
2011-01-30,"676"
2011-01-31,"629"
2011-02-01,"614"
2011-02-02,"633"
2011-02-03,"502"
2011-02-04,"510"
2011-02-05,"448"
2011-02-06,"392"
2011-02-07,"375"
2011-02-08,"422"
2011-02-09,"546"
2011-02-10,"623"
2011-02-11,"582"
2011-02-12,"542"
2011-02-13,"533"
2011-02-14,"537"
2011-02-15,"531"
2011-02-16,"544"
2011-02-17,"559"
2011-02-18,"616"
2011-02-19,"644"
2011-02-20,"674"
2011-02-21,"627"
2011-02-22,"612"
2011-02-23,"635"
2011-02-24,"629"
2011-02-25,"642"
2011-02-26,"597"
2011-02-27,"603"
2011-02-28,"593"
2011-03-01,"535"
2011-03-02,"541"
2011-03-03,"569"
2011-03-04,"540"
2011-03-05,"602"
2011-03-06,"608"
2011-03-07,"587"
2011-03-08,"580"
2011-03-09,"507"
2011-03-10,"522"
2011-03-11,"473"
2011-03-12,"431"
2011-03-13,"407"
2011-03-14,"394"
2011-03-15,"362"
2011-03-16,"320"
2011-03-17,"305"
2011-03-18,"300"
2011-03-19,"301"
2011-03-20,"293"
2011-03-21,"284"
2011-03-22,"299"
2011-03-23,"341"
2011-03-24,"327"
2011-03-25,"366"
2011-03-26,"355"
2011-03-27,"293"
2011-03-28,"256"
2011-03-29,"208"
2011-03-30,"151"
2011-03-31,"135"
2011-04-01,"130"
2011-04-02,"134"
2011-04-03,"150"
2011-04-04,"162"
2011-04-05,"149"
2011-04-06,"130"
2011-04-07,"120"
2011-04-08,"116"
2011-04-09,"153"
2011-04-10,"216"
2011-04-11,"203"
2011-04-12,"169"
2011-04-13,"133"
2011-04-14,"106"
2011-04-15,"110"
2011-04-16,"125"
2011-04-17,"131"
2011-04-18,"129"
2011-04-19,"132"
2011-04-20,"133"
2011-04-21,"176"
2011-04-22,"139"
2011-04-23,"190"
2011-04-24,"314"
2011-04-25,"423"
2011-04-26,"412"
2011-04-27,"396"
2011-04-28,"361"
2011-04-29,"370"
2011-04-30,"350"
2011-05-01,"346"
2011-05-02,"395"
2011-05-03,"374"
2011-05-04,"350"
2011-05-05,"310"
2011-05-06,"270"
2011-05-07,"258"
2011-05-08,"211"
2011-05-09,"223"
2011-05-10,"243"
2011-05-11,"324"
2011-05-12,"378"
2011-05-13,"371"
2011-05-14,"367"
2011-05-15,"387"
2011-05-16,"409"
2011-05-17,"373"
2011-05-18,"329"
2011-05-19,"339"
2011-05-20,"358"
2011-05-21,"399"
2011-05-22,"453"
2011-05-23,"461"
2011-05-24,"447"
2011-05-25,"469"
2011-05-26,"482"
2011-05-27,"473"
2011-05-28,"448"
2011-05-29,"425"
2011-05-30,"458"
2011-05-31,"532"
2011-06-01,"567"
2011-06-02,"599"
2011-06-03,"682"
2011-06-04,"882"
2011-06-05,"862"
2011-06-06,"878"
2011-06-07,"828"
2011-06-08,"760"
2011-06-09,"734"
2011-06-10,"704"
2011-06-11,"714"
2011-06-12,"695"
2011-06-13,"694"
2011-06-14,"560"
2011-06-15,"430"
2011-06-16,"350"
2011-06-17,"300"
2011-06-18,"246"
2011-06-19,"200"
2011-06-20,"195"
2011-06-21,"201"
2011-06-22,"151"
2011-06-23,"149"
2011-06-24,"115"
2011-06-25,"140"
2011-06-26,"146"
2011-06-27,"159"
2011-06-28,"132"
2011-06-29,"174"
2011-06-30,"130"
2011-07-01,"116"
2011-07-02,"107"
2011-07-03,"107"
2011-07-04,"108"
2011-07-05,"107"
2011-07-06,"104"
2011-07-07,"95.8"
2011-07-08,"88.8"
2011-07-09,"88.3"
2011-07-10,"88.5"
2011-07-11,"78.8"
2011-07-12,"85.2"
2011-07-13,"107"
2011-07-14,"78.6"
2011-07-15,"67.7"
2011-07-16,"69.1"
2011-07-17,"70.5"
2011-07-18,"65.3"
2011-07-19,"56.1"
2011-07-20,"55.2"
2011-07-21,"61.3"
2011-07-22,"56.9"
2011-07-23,"63.5"
2011-07-24,"61.3"
2011-07-25,"360"
2011-07-26,"224"
2011-07-27,"230"
2011-07-28,"73.7"
2011-07-29,"39.7"
2011-07-30,"44.4"
2011-07-31,"65.8"
2011-08-01,"143"
2011-08-02,"86.8"
2011-08-03,"73.2"
2011-08-04,"267"
2011-08-05,"123"
2011-08-06,"64.5"
2011-08-07,"43.0"
2011-08-08,"31.2"
2011-08-09,"24.9"
2011-08-10,"30.0"
2011-08-11,"28.1"
2011-08-12,"22.4"
2011-08-13,"14.0"
2011-08-14,"26.5"
2011-08-15,"44.5"
2011-08-16,"51.9"
2011-08-17,"43.3"
2011-08-18,"89.4"
2011-08-19,"80.9"
2011-08-20,"113"
2011-08-21,"271"
2011-08-22,"332"
2011-08-23,"384"
2011-08-24,"406"
2011-08-25,"435"
2011-08-26,"269"
2011-08-27,"74.4"
2011-08-28,"32.6"
2011-08-29,"20.1"
2011-08-30,"25.4"
2011-08-31,"28.4"
2011-09-01,"25.1"
2011-09-02,"14.8"
2011-09-03,"11.8"
2011-09-04,"15.8"
2011-09-05,"20.1"
2011-09-06,"16.8"
2011-09-07,"22.6"
2011-09-08,"17.9"
2011-09-09,"19.1"
2011-09-10,"21.8"
2011-09-11,"23.6"
2011-09-12,"21.9"
2011-09-13,"20.4"
2011-09-14,"21.2"
2011-09-15,"73.2"
2011-09-16,"32.2"
2011-09-17,"40.3"
2011-09-18,"55.6"
2011-09-19,"41.3"
2011-09-20,"25.7"
2011-09-21,"23.9"
2011-09-22,"23.7"
2011-09-23,"22.4"
2011-09-24,"22.4"
2011-09-25,"22.3"
2011-09-26,"21.8"
2011-09-27,"21.2"
2011-09-28,"22.2"
2011-09-29,"22.5"
2011-09-30,"23.3"
2011-10-01,"23.4"
2011-10-02,"23.2"
2011-10-03,"29.0"
2011-10-04,"26.7"
2011-10-05,"155"
2011-10-06,"180"
2011-10-07,"80.1"
2011-10-08,"341"
2011-10-09,"230"
2011-10-10,"118"
2011-10-11,"66.5"
2011-10-12,"72.8"
2011-10-13,"85.7"
2011-10-14,"77.0"
2011-10-15,"68.2"
2011-10-16,"73.3"
2011-10-17,"42.3"
2011-10-18,"23.3"
2011-10-19,"21.1"
2011-10-20,"31.6"
2011-10-21,"25.0"
2011-10-22,"18.9"
2011-10-23,"33.2"
2011-10-24,"29.1"
2011-10-25,"13.0"
2011-10-26,"14.0"
2011-10-27,"29.0"
2011-10-28,"81.0"
2011-10-29,"273"
2011-10-30,"237"
2011-10-31,"300"
2011-11-01,"457"
2011-11-02,"383"
2011-11-03,"429"
2011-11-04,"448"
2011-11-05,"502"
2011-11-06,"557"
2011-11-07,"530"
2011-11-08,"565"
2011-11-09,"614"
2011-11-10,"893"
2011-11-11,"653"
2011-11-12,"497"
2011-11-13,"501"
2011-11-14,"831"
2011-11-15,"1050"
2011-11-16,"1100"
2011-11-17,"955"
2011-11-18,"943"
2011-11-19,"963"
2011-11-20,"1000"
2011-11-21,"1040"
2011-11-22,"1080"
2011-11-23,"1070"
2011-11-24,"1050"
2011-11-25,"1010"
2011-11-26,"1010"
2011-11-27,"1010"
2011-11-28,"1000"
2011-11-29,"973"
2011-11-30,"985"
2011-12-01,"970"
2011-12-02,"921"
2011-12-03,"944"
2011-12-04,"885"
2011-12-05,"861"
2011-12-06,"821"
2011-12-07,"726"
2011-12-08,"589"
2011-12-09,"560"
2011-12-10,"519"
2011-12-11,"612"
2011-12-12,"615"
2011-12-13,"625"
2011-12-14,"754"
2011-12-15,"732"
2011-12-16,"446"
2011-12-17,"717"
2011-12-18,"758"
2011-12-19,"832"
2011-12-20,"938"
2011-12-21,"804"
2011-12-22,"826"
2011-12-23,"775"
2011-12-24,"732"
2011-12-25,"606"
2011-12-26,"591"
2011-12-27,"614"
2011-12-28,"567"
2011-12-29,"527"
2011-12-30,"752"
2011-12-31,"743"
2012-01-01,"600"
2012-01-02,"584"
2012-01-03,"591"
2012-01-04,"610"
2012-01-05,"669"
2012-01-06,"674"
2012-01-07,"688"
2012-01-08,"670"
2012-01-09,"639"
2012-01-10,"623"
2012-01-11,"628"
2012-01-12,"620"
2012-01-13,"620"
2012-01-14,"609"
2012-01-15,"589"
2012-01-16,"604"
2012-01-17,"596"
2012-01-18,"570"
2012-01-19,"549"
2012-01-20,"536"
2012-01-21,"525"
2012-01-22,"549"
2012-01-23,"569"
2012-01-24,"636"
2012-01-25,"650"
2012-01-26,"639"
2012-01-27,"641"
2012-01-28,"633"
2012-01-29,"624"
2012-01-30,"654"
2012-01-31,"640"
2012-02-01,"636"
2012-02-02,"649"
2012-02-03,"683"
2012-02-04,"720"
2012-02-05,"763"
2012-02-06,"793"
2012-02-07,"799"
2012-02-08,"785"
2012-02-09,"790"
2012-02-10,"787"
2012-02-11,"746"
2012-02-12,"744"
2012-02-13,"736"
2012-02-14,"740"
2012-02-15,"733"
2012-02-16,"751"
2012-02-17,"749"
2012-02-18,"766"
2012-02-19,"764"
2012-02-20,"767"
2012-02-21,"740"
2012-02-22,"738"
2012-02-23,"734"
2012-02-24,"654"
2012-02-25,"613"
2012-02-26,"629"
2012-02-27,"630"
2012-02-28,"636"
2012-02-29,"623"
2012-03-01,"525"
2012-03-02,"509"
2012-03-03,"570"
2012-03-04,"581"
2012-03-05,"451"
2012-03-06,"389"
2012-03-07,"426"
2012-03-08,"433"
2012-03-09,"471"
2012-03-10,"474"
2012-03-11,"520"
2012-03-12,"500"
2012-03-13,"429"
2012-03-14,"438"
2012-03-15,"473"
2012-03-16,"535"
2012-03-17,"622"
2012-03-18,"672"
2012-03-19,"838"
2012-03-20,"819"
2012-03-21,"767"
2012-03-22,"786"
2012-03-23,"798"
2012-03-24,"722"
2012-03-25,"639"
2012-03-26,"649"
2012-03-27,"662"
2012-03-28,"883"
2012-03-29,"1120"
2012-03-30,"1310"
2012-03-31,"1400"
2012-04-01,"1450"
2012-04-02,"1500"
2012-04-03,"2060"
2012-04-04,"1770"
2012-04-05,"827"
2012-04-06,"939"
2012-04-07,"1180"
2012-04-08,"1200"
2012-04-09,"1040"
2012-04-10,"958"
2012-04-11,"893"
2012-04-12,"839"
2012-04-13,"868"
2012-04-14,"888"
2012-04-15,"908"
2012-04-16,"875"
2012-04-17,"639"
2012-04-18,"566"
2012-04-19,"504"
2012-04-20,"483"
2012-04-21,"399"
2012-04-22,"344"
2012-04-23,"293"
2012-04-24,"299"
2012-04-25,"297"
2012-04-26,"305"
2012-04-27,"298"
2012-04-28,"420"
2012-04-29,"681"
2012-04-30,"692"
2012-05-01,"735"
2012-05-02,"646"
2012-05-03,"566"
2012-05-04,"452"
2012-05-05,"366"
2012-05-06,"355"
2012-05-07,"329"
2012-05-08,"316"
2012-05-09,"352"
2012-05-10,"360"
2012-05-11,"321"
2012-05-12,"335"
2012-05-13,"366"
2012-05-14,"388"
2012-05-15,"350"
2012-05-16,"339"
2012-05-17,"298"
2012-05-18,"273"
2012-05-19,"271"
2012-05-20,"274"
2012-05-21,"247"
2012-05-22,"229"
2012-05-23,"204"
2012-05-24,"190"
2012-05-25,"196"
2012-05-26,"238"
2012-05-27,"255"
2012-05-28,"300"
2012-05-29,"283"
2012-05-30,"318"
2012-05-31,"290"
2012-06-01,"264"
2012-06-02,"269"
2012-06-03,"277"
2012-06-04,"275"
2012-06-05,"292"
2012-06-06,"315"
2012-06-07,"322"
2012-06-08,"289"
2012-06-09,"302"
2012-06-10,"296"
2012-06-11,"270"
2012-06-12,"270"
2012-06-13,"265"
2012-06-14,"256"
2012-06-15,"234"
2012-06-16,"206"
2012-06-17,"205"
2012-06-18,"176"
2012-06-19,"141"
2012-06-20,"150"
2012-06-21,"128"
2012-06-22,"128"
2012-06-23,"123"
2012-06-24,"129"
2012-06-25,"110"
2012-06-26,"123"
2012-06-27,"95.2"
2012-06-28,"86.3"
2012-06-29,"86.1"
2012-06-30,"85.7"
2012-07-01,"84.7"
2012-07-02,"80.8"
2012-07-03,"73.8"
2012-07-04,"68.8"
2012-07-05,"60.3"
2012-07-06,"179"
2012-07-07,"144"
2012-07-08,"108"
2012-07-09,"76.6"
2012-07-10,"68.2"
2012-07-11,"115"
2012-07-12,"67.0"
2012-07-13,"133"
2012-07-14,"54.8"
2012-07-15,"51.3"
2012-07-16,"45.5"
2012-07-17,"44.6"
2012-07-18,"42.3"
2012-07-19,"41.1"
2012-07-20,"36.7"
2012-07-21,"29.9"
2012-07-22,"25.2"
2012-07-23,"24.7"
2012-07-24,"24.1"
2012-07-25,"167"
2012-07-26,"51.4"
2012-07-27,"85.1"
2012-07-28,"44.7"
2012-07-29,"30.5"
2012-07-30,"19.9"
2012-07-31,"17.6"
2012-08-01,"10.7"
2012-08-02,"0.00"
2012-08-03,"0.00"
2012-08-04,"0.00"
2012-08-05,"0.00"
2012-08-06,"0.00"
2012-08-07,"0.00"
2012-08-08,"0.00"
2012-08-09,"0.00"
2012-08-10,"0.00"
2012-08-11,"0.00"
2012-08-12,"0.00"
2012-08-13,"0.00"
2012-08-14,"0.00"
2012-08-15,"0.00"
2012-08-16,"0.00"
2012-08-17,"309"
2012-08-18,"238"
2012-08-19,"29.5"
2012-08-20,"34.4"
2012-08-21,"0.00"
2012-08-22,"0.00"
2012-08-23,"0.00"
2012-08-24,"7.00"
2012-08-25,"0.00"
2012-08-26,"0.00"
2012-08-27,"0.00"
2012-08-28,"0.00"
2012-08-29,"0.00"
2012-08-30,"0.00"
2012-08-31,"0.00"
2012-09-01,"0.00"
2012-09-02,"0.00"
2012-09-03,"0.00"
2012-09-04,"0.00"
2012-09-05,"0.00"
2012-09-06,"0.00"
2012-09-07,"0.00"
2012-09-08,"0.00"
2012-09-09,"2.45"
2012-09-10,"9.67"
2012-09-11,"10.3"
2012-09-12,"6.14"
2012-09-13,"11.0"
2012-09-14,"7.76"
2012-09-15,"12.6"
2012-09-16,"9.23"
2012-09-17,"7.90"
2012-09-18,"10.7"
2012-09-19,"9.67"
2012-09-20,"9.82"
2012-09-21,"4.17"
2012-09-22,"3.74"
2012-09-23,"3.31"
2012-09-24,"3.61"
2012-09-25,"3.80"
2012-09-26,"4.47"
2012-09-27,"6.25"
2012-09-28,"6.67"
2012-09-29,"4.23"
2012-09-30,"3.61"
2012-10-01,"3.68"
2012-10-02,"4.41"
2012-10-03,"4.10"
2012-10-04,"4.65"
2012-10-05,"3.12"
2012-10-06,"1.72"
2012-10-07,"1.35"
2012-10-08,"0.00"
2012-10-09,"0.00"
2012-10-10,"0.00"
2012-10-11,"0.00"
2012-10-12,"0.00"
2012-10-13,"0.00"
2012-10-14,"0.00"
2012-10-15,"1.95"
2012-10-16,"18.6"
2012-10-17,"22.4"
2012-10-18,"24.4"
2012-10-19,"24.8"
2012-10-20,"25.5"
2012-10-21,"26.8"
2012-10-22,"28.4"
2012-10-23,"30.4"
2012-10-24,"31.7"
2012-10-25,"32.8"
2012-10-26,"38.5"
2012-10-27,"64.8"
2012-10-28,"84.5"
2012-10-29,"69.3"
2012-10-30,"50.4"
2012-10-31,"125"
2012-11-01,"187"
2012-11-02,"180"
2012-11-03,"148"
2012-11-04,"153"
2012-11-05,"164"
2012-11-06,"156"
2012-11-07,"165"
2012-11-08,"192"
2012-11-09,"199"
2012-11-10,"197"
2012-11-11,"197"
2012-11-12,"198"
2012-11-13,"209"
2012-11-14,"204"
2012-11-15,"213"
2012-11-16,"239"
2012-11-17,"289"
2012-11-18,"322"
2012-11-19,"325"
2012-11-20,"351"
2012-11-21,"440"
2012-11-22,"468"
2012-11-23,"534"
2012-11-24,"543"
2012-11-25,"536"
2012-11-26,"555"
2012-11-27,"643"
2012-11-28,"746"
2012-11-29,"808"
2012-11-30,"814"
2012-12-01,"800"
2012-12-02,"811"
2012-12-03,"769"
2012-12-04,"777"
2012-12-05,"794"
2012-12-06,"780"
2012-12-07,"775"
2012-12-08,"818"
2012-12-09,"819"
2012-12-10,"818"
2012-12-11,"821"
2012-12-12,"822"
2012-12-13,"709"
2012-12-14,"579"
2012-12-15,"624"
2012-12-16,"642"
2012-12-17,"659"
2012-12-18,"702"
2012-12-19,"838"
2012-12-20,"855"
2012-12-21,"862"
2012-12-22,"735"
2012-12-23,"592"
2012-12-24,"599"
2012-12-25,"604"
2012-12-26,"586"
2012-12-27,"601"
2012-12-28,"540"
2012-12-29,"395"
2012-12-30,"379"
2012-12-31,"377"
2013-01-01,"364"
2013-01-02,"314"
2013-01-03,"309"
2013-01-04,"299"
2013-01-05,"287"
2013-01-06,"296"
2013-01-07,"291"
2013-01-08,"303"
2013-01-09,"325"
2013-01-10,"404"
2013-01-11,"407"
2013-01-12,"401"
2013-01-13,"400"
2013-01-14,"402"
2013-01-15,"406"
2013-01-16,"404"
2013-01-17,"414"
2013-01-18,"399"
2013-01-19,"401"
2013-01-20,"404"
2013-01-21,"419"
2013-01-22,"397"
2013-01-23,"404"
2013-01-24,"407"
2013-01-25,"416"
2013-01-26,"417"
2013-01-27,"476"
2013-01-28,"477"
2013-01-29,"461"
2013-01-30,"460"
2013-01-31,"456"
2013-02-01,"458"
2013-02-02,"451"
2013-02-03,"452"
2013-02-04,"459"
2013-02-05,"458"
2013-02-06,"488"
2013-02-07,"577"
2013-02-08,"472"
2013-02-09,"457"
2013-02-10,"472"
2013-02-11,"474"
2013-02-12,"454"
2013-02-13,"458"
2013-02-14,"465"
2013-02-15,"463"
2013-02-16,"458"
2013-02-17,"467"
2013-02-18,"469"
2013-02-19,"471"
2013-02-20,"469"
2013-02-21,"470"
2013-02-22,"470"
2013-02-23,"465"
2013-02-24,"457"
2013-02-25,"444"
2013-02-26,"445"
2013-02-27,"416"
2013-02-28,"343"
2013-03-01,"331"
2013-03-02,"280"
2013-03-03,"300"
2013-03-04,"262"
2013-03-05,"205"
2013-03-06,"184"
2013-03-07,"204"
2013-03-08,"229"
2013-03-09,"242"
2013-03-10,"278"
2013-03-11,"246"
2013-03-12,"258"
2013-03-13,"242"
2013-03-14,"237"
2013-03-15,"225"
2013-03-16,"230"
2013-03-17,"258"
2013-03-18,"261"
2013-03-19,"236"
2013-03-20,"223"
2013-03-21,"234"
2013-03-22,"221"
2013-03-23,"221"
2013-03-24,"216"
2013-03-25,"224"
2013-03-26,"205"
2013-03-27,"197"
2013-03-28,"202"
2013-03-29,"198"
2013-03-30,"171"
2013-03-31,"186"
2013-04-01,"188"
2013-04-02,"173"
2013-04-03,"169"
2013-04-04,"180"
2013-04-05,"184"
2013-04-06,"183"
2013-04-07,"183"
2013-04-08,"193"
2013-04-09,"197"
2013-04-10,"193"
2013-04-11,"197"
2013-04-12,"208"
2013-04-13,"209"
2013-04-14,"211"
2013-04-15,"212"
2013-04-16,"214"
2013-04-17,"211"
2013-04-18,"205"
2013-04-19,"198"
2013-04-20,"195"
2013-04-21,"189"
2013-04-22,"180"
2013-04-23,"176"
2013-04-24,"174"
2013-04-25,"193"
2013-04-26,"214"
2013-04-27,"215"
2013-04-28,"218"
2013-04-29,"215"
2013-04-30,"207"
2013-05-01,"206"
2013-05-02,"203"
2013-05-03,"207"
2013-05-04,"217"
2013-05-05,"259"
2013-05-06,"235"
2013-05-07,"217"
2013-05-08,"214"
2013-05-09,"212"
2013-05-10,"207"
2013-05-11,"200"
2013-05-12,"194"
2013-05-13,"204"
2013-05-14,"196"
2013-05-15,"267"
2013-05-16,"260"
2013-05-17,"212"
2013-05-18,"213"
2013-05-19,"214"
2013-05-20,"215"
2013-05-21,"219"
2013-05-22,"221"
2013-05-23,"220"
2013-05-24,"217"
2013-05-25,"215"
2013-05-26,"207"
2013-05-27,"206"
2013-05-28,"206"
2013-05-29,"210"
2013-05-30,"210"
2013-05-31,"212"
2013-06-01,"219"
2013-06-02,"227"
2013-06-03,"230"
2013-06-04,"227"
2013-06-05,"222"
2013-06-06,"221"
2013-06-07,"219"
2013-06-08,"196"
2013-06-09,"202"
2013-06-10,"187"
2013-06-11,"151"
2013-06-12,"143"
2013-06-13,"135"
2013-06-14,"121"
2013-06-15,"111"
2013-06-16,"111"
2013-06-17,"106"
2013-06-18,"97.3"
2013-06-19,"90.1"
2013-06-20,"79.3"
2013-06-21,"66.0"
2013-06-22,"63.6"
2013-06-23,"62.5"
2013-06-24,"60.8"
2013-06-25,"60.2"
2013-06-26,"65.1"
2013-06-27,"62.3"
2013-06-28,"61.0"
2013-06-29,"58.1"
2013-06-30,"58.1"
2013-07-01,"67.1"
2013-07-02,"47.2"
2013-07-03,"43.7"
2013-07-04,"42.0"
2013-07-05,"44.0"
2013-07-06,"45.5"
2013-07-07,"43.0"
2013-07-08,"42.8"
2013-07-09,"58.2"
2013-07-10,"39.7"
2013-07-11,"40.5"
2013-07-12,"39.5"
2013-07-13,"43.6"
2013-07-14,"38.0"
2013-07-15,"37.2"
2013-07-16,"39.4"
2013-07-17,"37.0"
2013-07-18,"40.1"
2013-07-19,"40.7"
2013-07-20,"324"
2013-07-21,"210"
2013-07-22,"110"
2013-07-23,"35.6"
2013-07-24,"30.9"
2013-07-25,"32.3"
2013-07-26,"224"
2013-07-27,"2070"
2013-07-28,"945"
2013-07-29,"663"
2013-07-30,"433"
2013-07-31,"328"
2013-08-01,"289"
2013-08-02,"182"
2013-08-03,"228"
2013-08-04,"200"
2013-08-05,"93.1"
2013-08-06,"116"
2013-08-07,"51.9"
2013-08-08,"54.4"
2013-08-09,"71.4"
2013-08-10,"66.6"
2013-08-11,"65.3"
2013-08-12,"84.8"
2013-08-13,"59.9"
2013-08-14,"51.9"
2013-08-15,"34.4"
2013-08-16,"33.8"
2013-08-17,"34.2"
2013-08-18,"34.7"
2013-08-19,"36.4"
2013-08-20,"37.8"
2013-08-21,"39.7"
2013-08-22,"40.9"
2013-08-23,"40.8"
2013-08-24,"40.2"
2013-08-25,"38.6"
2013-08-26,"42.1"
2013-08-27,"42.2"
2013-08-28,"41.1"
2013-08-29,"40.3"
2013-08-30,"38.3"
2013-08-31,"37.8"
2013-09-01,"37.9"
2013-09-02,"39.5"
2013-09-03,"41.0"
2013-09-04,"39.4"
2013-09-05,"38.7"
2013-09-06,"37.7"
2013-09-07,"41.0"
2013-09-08,"39.2"
2013-09-09,"38.2"
2013-09-10,"41.1"
2013-09-11,"185"
2013-09-12,"318"
2013-09-13,"1130"
2013-09-14,"2850"
2013-09-15,"3170"
2013-09-16,"1490"
2013-09-17,"1200"
2013-09-18,"673"
2013-09-19,"542"
2013-09-20,"842"
2013-09-21,"517"
2013-09-22,"562"
2013-09-23,"917"
2013-09-24,"760"
2013-09-25,"539"
2013-09-26,"587"
2013-09-27,"628"
2013-09-28,"492"
2013-09-29,"405"
2013-09-30,"335"
2013-10-01,"235"
2013-10-02,"244"
2013-10-03,"230"
2013-10-04,"193"
2013-10-05,"195"
2013-10-06,"169"
2013-10-07,"155"
2013-10-08,"140"
2013-10-09,"128"
2013-10-10,"171"
2013-10-11,"218"
2013-10-12,"264"
2013-10-13,"276"
2013-10-14,"273"
2013-10-15,"208"
2013-10-16,"851"
2013-10-17,"1360"
2013-10-18,"1410"
2013-10-19,"1410"
2013-10-20,"1340"
2013-10-21,"1430"
2013-10-22,"1720"
2013-10-23,"1280"
2013-10-24,"824"
2013-10-25,"489"
2013-10-26,"347"
2013-10-27,"291"
2013-10-28,"265"
2013-10-29,"228"
2013-10-30,"241"
2013-10-31,"343"
2013-11-01,"468"
2013-11-02,"482"
2013-11-03,"468"
2013-11-04,"503"
2013-11-05,"496"
2013-11-06,"548"
2013-11-07,"737"
2013-11-08,"837"
2013-11-09,"760"
2013-11-10,"760"
2013-11-11,"760"
2013-11-12,"704"
2013-11-13,"640"
2013-11-14,"615"
2013-11-15,"704"
2013-11-16,"864"
2013-11-17,"891"
2013-11-18,"872"
2013-11-19,"863"
2013-11-20,"826"
2013-11-21,"890"
2013-11-22,"967"
2013-11-23,"905"
2013-11-24,"863"
2013-11-25,"868"
2013-11-26,"927"
2013-11-27,"947"
2013-11-28,"947"
2013-11-29,"945"
2013-11-30,"942"
2013-12-01,"937"
2013-12-02,"937"
2013-12-03,"796"
2013-12-04,"761"
2013-12-05,"751"
2013-12-06,"743"
2013-12-07,"782"
2013-12-08,"836"
2013-12-09,"817"
2013-12-10,"803"
2013-12-11,"738"
2013-12-12,"701"
2013-12-13,"605"
2013-12-14,"617"
2013-12-15,"613"
2013-12-16,"603"
2013-12-17,"550"
2013-12-18,"567"
2013-12-19,"604"
2013-12-20,"594"
2013-12-21,"637"
2013-12-22,"703"
2013-12-23,"686"
2013-12-24,"686"
2013-12-25,"675"
2013-12-26,"674"
2013-12-27,"683"
2013-12-28,"691"
2013-12-29,"702"
2013-12-30,"707"
2013-12-31,"690"
2014-01-01,"638"
2014-01-02,"628"
2014-01-03,"619"
2014-01-04,"604"
2014-01-05,"599"
2014-01-06,"604"
2014-01-07,"593"
2014-01-08,"525"
2014-01-09,"410"
2014-01-10,"393"
2014-01-11,"405"
2014-01-12,"438"
2014-01-13,"440"
2014-01-14,"440"
2014-01-15,"435"
2014-01-16,"430"
2014-01-17,"429"
2014-01-18,"426"
2014-01-19,"431"
2014-01-20,"444"
2014-01-21,"438"
2014-01-22,"421"
2014-01-23,"482"
2014-01-24,"574"
2014-01-25,"562"
2014-01-26,"532"
2014-01-27,"545"
2014-01-28,"407"
2014-01-29,"347"
2014-01-30,"340"
2014-01-31,"339"
2014-02-01,"335"
2014-02-02,"338"
2014-02-03,"341"
2014-02-04,"347"
2014-02-05,"350"
2014-02-06,"331"
2014-02-07,"319"
2014-02-08,"318"
2014-02-09,"370"
2014-02-10,"407"
2014-02-11,"398"
2014-02-12,"381"
2014-02-13,"380"
2014-02-14,"386"
2014-02-15,"388"
2014-02-16,"390"
2014-02-17,"397"
2014-02-18,"396"
2014-02-19,"399"
2014-02-20,"416"
2014-02-21,"520"
2014-02-22,"705"
2014-02-23,"787"
2014-02-24,"881"
2014-02-25,"870"
2014-02-26,"839"
2014-02-27,"759"
2014-02-28,"669"
2014-03-01,"595"
2014-03-02,"605"
2014-03-03,"591"
2014-03-04,"613"
2014-03-05,"561"
2014-03-06,"575"
2014-03-07,"729"
2014-03-08,"700"
2014-03-09,"624"
2014-03-10,"542"
2014-03-11,"491"
2014-03-12,"385"
2014-03-13,"358"
2014-03-14,"368"
2014-03-15,"439"
2014-03-16,"398"
2014-03-17,"348"
2014-03-18,"302"
2014-03-19,"245"
2014-03-20,"252"
2014-03-21,"251"
2014-03-22,"233"
2014-03-23,"216"
2014-03-24,"208"
2014-03-25,"201"
2014-03-26,"187"
2014-03-27,"186"
2014-03-28,"182"
2014-03-29,"177"
2014-03-30,"177"
2014-03-31,"174"
2014-04-01,"171"
2014-04-02,"178"
2014-04-03,"188"
2014-04-04,"184"
2014-04-05,"179"
2014-04-06,"155"
2014-04-07,"153"
2014-04-08,"155"
2014-04-09,"161"
2014-04-10,"164"
2014-04-11,"165"
2014-04-12,"169"
2014-04-13,"170"
2014-04-14,"172"
2014-04-15,"169"
2014-04-16,"161"
2014-04-17,"155"
2014-04-18,"149"
2014-04-19,"147"
2014-04-20,"151"
2014-04-21,"175"
2014-04-22,"192"
2014-04-23,"200"
2014-04-24,"210"
2014-04-25,"188"
2014-04-26,"191"
2014-04-27,"196"
2014-04-28,"247"
2014-04-29,"257"
2014-04-30,"191"
2014-05-01,"184"
2014-05-02,"182"
2014-05-03,"181"
2014-05-04,"182"
2014-05-05,"180"
2014-05-06,"178"
2014-05-07,"177"
2014-05-08,"406"
2014-05-09,"951"
2014-05-10,"1070"
2014-05-11,"1180"
2014-05-12,"1320"
2014-05-13,"1340"
2014-05-14,"1300"
2014-05-15,"1220"
2014-05-16,"1210"
2014-05-17,"1080"
2014-05-18,"822"
2014-05-19,"707"
2014-05-20,"508"
2014-05-21,"341"
2014-05-22,"253"
2014-05-23,"227"
2014-05-24,"238"
2014-05-25,"516"
2014-05-26,"641"
2014-05-27,"615"
2014-05-28,"635"
2014-05-29,"624"
2014-05-30,"592"
2014-05-31,"472"
2014-06-01,"331"
2014-06-02,"276"
2014-06-03,"252"
2014-06-04,"565"
2014-06-05,"929"
2014-06-06,"889"
2014-06-07,"735"
2014-06-08,"626"
2014-06-09,"501"
2014-06-10,"486"
2014-06-11,"429"
2014-06-12,"321"
2014-06-13,"250"
2014-06-14,"214"
2014-06-15,"221"
2014-06-16,"201"
2014-06-17,"201"
2014-06-18,"204"
2014-06-19,"204"
2014-06-20,"208"
2014-06-21,"217"
2014-06-22,"221"
2014-06-23,"231"
2014-06-24,"213"
2014-06-25,"211"
2014-06-26,"190"
2014-06-27,"172"
2014-06-28,"153"
2014-06-29,"141"
2014-06-30,"130"
2014-07-01,"116"
2014-07-02,"112"
2014-07-03,"143"
2014-07-04,"134"
2014-07-05,"267"
2014-07-06,"243"
2014-07-07,"224"
2014-07-08,"165"
2014-07-09,"319"
2014-07-10,"328"
2014-07-11,"99.5"
2014-07-12,"343"
2014-07-13,"289"
2014-07-14,"184"
2014-07-15,"225"
2014-07-16,"503"
2014-07-17,"1030"
2014-07-18,"872"
2014-07-19,"779"
2014-07-20,"846"
2014-07-21,"547"
2014-07-22,"184"
2014-07-23,"133"
2014-07-24,"134"
2014-07-25,"104"
2014-07-26,"58.2"
2014-07-27,"53.9"
2014-07-28,"110"
2014-07-29,"61.7"
2014-07-30,"221"
2014-07-31,"334"
2014-08-01,"350"
2014-08-02,"2450"
2014-08-03,"1870"
2014-08-04,"1050"
2014-08-05,"751"
2014-08-06,"609"
2014-08-07,"494"
2014-08-08,"449"
2014-08-09,"325"
2014-08-10,"287"
2014-08-11,"291"
2014-08-12,"302"
2014-08-13,"228"
2014-08-14,"142"
2014-08-15,"116"
2014-08-16,"161"
2014-08-17,"107"
2014-08-18,"83.6"
2014-08-19,"76.3"
2014-08-20,"82.1"
2014-08-21,"71.2"
2014-08-22,"74.5"
2014-08-23,"80.8"
2014-08-24,"73.8"
2014-08-25,"75.5"
2014-08-26,"80.5"
2014-08-27,"82.4"
2014-08-28,"101"
2014-08-29,"89.3"
2014-08-30,"81.0"
2014-08-31,"79.0"
2014-09-01,"93.8"
2014-09-02,"102"
2014-09-03,"79.6"
2014-09-04,"81.1"
2014-09-05,"81.3"
2014-09-06,"82.2"
2014-09-07,"82.4"
2014-09-08,"79.1"
2014-09-09,"74.1"
2014-09-10,"69.7"
2014-09-11,"69.0"
2014-09-12,"67.1"
2014-09-13,"63.2"
2014-09-14,"68.0"
2014-09-15,"88.5"
2014-09-16,"63.6"
2014-09-17,"64.6"
2014-09-18,"119"
2014-09-19,"91.8"
2014-09-20,"69.2"
2014-09-21,"69.9"
2014-09-22,"74.0"
2014-09-23,"74.7"
2014-09-24,"70.2"
2014-09-25,"60.4"
2014-09-26,"57.3"
2014-09-27,"53.1"
2014-09-28,"53.9"
2014-09-29,"52.5"
2014-09-30,"49.8"
2014-10-01,"49.5"
2014-10-02,"55.5"
2014-10-03,"52.4"
2014-10-04,"50.5"
2014-10-05,"49.4"
2014-10-06,"47.9"
2014-10-07,"47.0"
2014-10-08,"46.6"
2014-10-09,"45.9"
2014-10-10,"46.4"
2014-10-11,"194"
2014-10-12,"267"
2014-10-13,"242"
2014-10-14,"167"
2014-10-15,"154"
2014-10-16,"188"
2014-10-17,"196"
2014-10-18,"190"
2014-10-19,"143"
2014-10-20,"154"
2014-10-21,"210"
2014-10-22,"148"
2014-10-23,"119"
2014-10-24,"130"
2014-10-25,"116"
2014-10-26,"96.9"
2014-10-27,"105"
2014-10-28,"109"
2014-10-29,"128"
2014-10-30,"136"
2014-10-31,"213"
2014-11-01,"441"
2014-11-02,"453"
2014-11-03,"480"
2014-11-04,"492"
2014-11-05,"496"
2014-11-06,"492"
2014-11-07,"606"
2014-11-08,"538"
2014-11-09,"564"
2014-11-10,"598"
2014-11-11,"590"
2014-11-12,"625"
2014-11-13,"626"
2014-11-14,"671"
2014-11-15,"689"
2014-11-16,"790"
2014-11-17,"803"
2014-11-18,"805"
2014-11-19,"821"
2014-11-20,"805"
2014-11-21,"834"
2014-11-22,"795"
2014-11-23,"781"
2014-11-24,"787"
2014-11-25,"794"
2014-11-26,"807"
2014-11-27,"815"
2014-11-28,"832"
2014-11-29,"839"
2014-11-30,"841"
2014-12-01,"848"
2014-12-02,"827"
2014-12-03,"835"
2014-12-04,"847"
2014-12-05,"1030"
2014-12-06,"906"
2014-12-07,"903"
2014-12-08,"904"
2014-12-09,"927"
2014-12-10,"940"
2014-12-11,"948"
2014-12-12,"950"
2014-12-13,"925"
2014-12-14,"1070"
2014-12-15,"932"
2014-12-16,"898"
2014-12-17,"891"
2014-12-18,"905"
2014-12-19,"848"
2014-12-20,"848"
2014-12-21,"870"
2014-12-22,"859"
2014-12-23,"805"
2014-12-24,"714"
2014-12-25,"700"
2014-12-26,"682"
2014-12-27,"697"
2014-12-28,"654"
2014-12-29,"661"
2014-12-30,"595"
2014-12-31,"438"
2015-01-01,"400"
2015-01-02,"364"
2015-01-03,"346"
2015-01-04,"335"
2015-01-05,"348"
2015-01-06,"339"
2015-01-07,"484"
2015-01-08,"550"
2015-01-09,"727"
2015-01-10,"716"
2015-01-11,"728"
2015-01-12,"738"
2015-01-13,"719"
2015-01-14,"657"
2015-01-15,"635"
2015-01-16,"601"
2015-01-17,"596"
2015-01-18,"622"
2015-01-19,"628"
2015-01-20,"638"
2015-01-21,"638"
2015-01-22,"686"
2015-01-23,"677"
2015-01-24,"664"
2015-01-25,"670"
2015-01-26,"689"
2015-01-27,"685"
2015-01-28,"690"
2015-01-29,"699"
2015-01-30,"724"
2015-01-31,"775"
2015-02-01,"771"
2015-02-02,"692"
2015-02-03,"661"
2015-02-04,"643"
2015-02-05,"625"
2015-02-06,"623"
2015-02-07,"640"
2015-02-08,"679"
2015-02-09,"704"
2015-02-10,"701"
2015-02-11,"752"
2015-02-12,"756"
2015-02-13,"756"
2015-02-14,"782"
2015-02-15,"861"
2015-02-16,"875"
2015-02-17,"891"
2015-02-18,"861"
2015-02-19,"862"
2015-02-20,"845"
2015-02-21,"830"
2015-02-22,"808"
2015-02-23,"812"
2015-02-24,"809"
2015-02-25,"836"
2015-02-26,"791"
2015-02-27,"617"
2015-02-28,"540"
2015-03-01,"643"
2015-03-02,"582"
2015-03-03,"580"
2015-03-04,"683"
2015-03-05,"629"
2015-03-06,"646"
2015-03-07,"609"
2015-03-08,"629"
2015-03-09,"637"
2015-03-10,"538"
2015-03-11,"457"
2015-03-12,"454"
2015-03-13,"472"
2015-03-14,"491"
2015-03-15,"428"
2015-03-16,"429"
2015-03-17,"438"
2015-03-18,"558"
2015-03-19,"603"
2015-03-20,"674"
2015-03-21,"1180"
2015-03-22,"1540"
2015-03-23,"1540"
2015-03-24,"1550"
2015-03-25,"1490"
2015-03-26,"1470"
2015-03-27,"1480"
2015-03-28,"1400"
2015-03-29,"1220"
2015-03-30,"1160"
2015-03-31,"1100"
2015-04-01,"1160"
2015-04-02,"1320"
2015-04-03,"1470"
2015-04-04,"1320"
2015-04-05,"1140"
2015-04-06,"1120"
2015-04-07,"809"
2015-04-08,"526"
2015-04-09,"479"
2015-04-10,"357"
2015-04-11,"234"
2015-04-12,"174"
2015-04-13,"196"
2015-04-14,"231"
2015-04-15,"230"
2015-04-16,"229"
2015-04-17,"228"
2015-04-18,"227"
2015-04-19,"224"
2015-04-20,"209"
2015-04-21,"184"
2015-04-22,"183"
2015-04-23,"185"
2015-04-24,"187"
2015-04-25,"187"
2015-04-26,"187"
2015-04-27,"268"
2015-04-28,"266"
2015-04-29,"225"
2015-04-30,"280"
2015-05-01,"224"
2015-05-02,"195"
2015-05-03,"194"
2015-05-04,"197"
2015-05-05,"469"
2015-05-06,"331"
2015-05-07,"452"
2015-05-08,"667"
2015-05-09,"636"
2015-05-10,"626"
2015-05-11,"461"
2015-05-12,"399"
2015-05-13,"408"
2015-05-14,"482"
2015-05-15,"480"
2015-05-16,"619"
2015-05-17,"723"
2015-05-18,"757"
2015-05-19,"926"
2015-05-20,"986"
2015-05-21,"1460"
2015-05-22,"2330"
2015-05-23,"2730"
2015-05-24,"3020"
2015-05-25,"3030"
2015-05-26,"2850"
2015-05-27,"2480"
2015-05-28,"2190"
2015-05-29,"1900"
2015-05-30,"1630"
2015-05-31,"1330"
2015-06-01,"1220"
2015-06-02,"1100"
2015-06-03,"913"
2015-06-04,"759"
2015-06-05,"711"
2015-06-06,"700"
2015-06-07,"652"
2015-06-08,"686"
2015-06-09,"610"
2015-06-10,"587"
2015-06-11,"897"
2015-06-12,"1530"
2015-06-13,"1720"
2015-06-14,"1810"
2015-06-15,"1830"
2015-06-16,"1920"
2015-06-17,"1890"
2015-06-18,"1800"
2015-06-19,"1710"
2015-06-20,"1600"
2015-06-21,"1480"
2015-06-22,"1330"
2015-06-23,"1090"
2015-06-24,"856"
2015-06-25,"692"
2015-06-26,"546"
2015-06-27,"491"
2015-06-28,"825"
2015-06-29,"724"
2015-06-30,"493"
2015-07-01,"463"
2015-07-02,"425"
2015-07-03,"331"
2015-07-04,"384"
2015-07-05,"422"
2015-07-06,"404"
2015-07-07,"1490"
2015-07-08,"1710"
2015-07-09,"1910"
2015-07-10,"2060"
2015-07-11,"1900"
2015-07-12,"1850"
2015-07-13,"1710"
2015-07-14,"1250"
2015-07-15,"1070"
2015-07-16,"864"
2015-07-17,"641"
2015-07-18,"537"
2015-07-19,"523"
2015-07-20,"557"
2015-07-21,"515"
2015-07-22,"617"
2015-07-23,"432"
2015-07-24,"349"
2015-07-25,"279"
2015-07-26,"242"
2015-07-27,"352"
2015-07-28,"330"
2015-07-29,"313"
2015-07-30,"478"
2015-07-31,"667"
2015-08-01,"734"
2015-08-02,"804"
2015-08-03,"710"
2015-08-04,"577"
2015-08-05,"371"
2015-08-06,"301"
2015-08-07,"258"
2015-08-08,"247"
2015-08-09,"244"
2015-08-10,"238"
2015-08-11,"231"
2015-08-12,"442"
2015-08-13,"234"
2015-08-14,"233"
2015-08-15,"203"
2015-08-16,"231"
2015-08-17,"225"
2015-08-18,"185"
2015-08-19,"183"
2015-08-20,"182"
2015-08-21,"145"
2015-08-22,"156"
2015-08-23,"154"
2015-08-24,"152"
2015-08-25,"149"
2015-08-26,"129"
2015-08-27,"96.4"
2015-08-28,"97.8"
2015-08-29,"90.0"
2015-08-30,"91.2"
2015-08-31,"130"
2015-09-01,"160"
2015-09-02,"144"
2015-09-03,"88.8"
2015-09-04,"77.1"
2015-09-05,"85.4"
2015-09-06,"107"
2015-09-07,"99.0"
2015-09-08,"71.8"
2015-09-09,"70.2"
2015-09-10,"67.6"
2015-09-11,"58.9"
2015-09-12,"52.0"
2015-09-13,"50.1"
2015-09-14,"47.0"
2015-09-15,"44.6"
2015-09-16,"43.0"
2015-09-17,"42.2"
2015-09-18,"40.6"
2015-09-19,"46.9"
2015-09-20,"52.5"
2015-09-21,"57.2"
2015-09-22,"66.2"
2015-09-23,"459"
2015-09-24,"98.6"
2015-09-25,"72.5"
2015-09-26,"65.3"
2015-09-27,"60.9"
2015-09-28,"56.3"
2015-09-29,"51.0"
2015-09-30,"47.3"
2015-10-01,"51.3"
2015-10-02,"49.8"
2015-10-03,"49.4"
2015-10-04,"48.7"
2015-10-05,"66.4"
2015-10-06,"55.0"
2015-10-07,"58.2"
2015-10-08,"59.6"
2015-10-09,"59.1"
2015-10-10,"56.0"
2015-10-11,"54.6"
2015-10-12,"53.8"
2015-10-13,"52.2"
2015-10-14,"50.8"
2015-10-15,"50.9"
2015-10-16,"48.4"
2015-10-17,"47.7"
2015-10-18,"47.3"
2015-10-19,"47.4"
2015-10-20,"47.3"
2015-10-21,"268"
2015-10-22,"882"
2015-10-23,"591"
2015-10-24,"584"
2015-10-25,"625"
2015-10-26,"569"
2015-10-27,"509"
2015-10-28,"395"
2015-10-29,"307"
2015-10-30,"418"
2015-10-31,"478"
2015-11-01,"463"
2015-11-02,"444"
2015-11-03,"421"
2015-11-04,"452"
2015-11-05,"429"
2015-11-06,"516"
2015-11-07,"475"
2015-11-08,"557"
2015-11-09,"586"
2015-11-10,"738"
2015-11-11,"969"
2015-11-12,"1030"
2015-11-13,"1050"
2015-11-14,"1060"
2015-11-15,"1090"
2015-11-16,"1200"
2015-11-17,"1400"
2015-11-18,"1370"
2015-11-19,"1290"
2015-11-20,"1380"
2015-11-21,"1320"
2015-11-22,"1300"
2015-11-23,"1340"
2015-11-24,"1360"
2015-11-25,"1380"
2015-11-26,"1350"
2015-11-27,"1380"
2015-11-28,"1380"
2015-11-29,"1430"
2015-11-30,"1540"
2015-12-01,"1530"
2015-12-02,"1420"
2015-12-03,"1390"
2015-12-04,"1400"
2015-12-05,"1420"
2015-12-06,"1420"
2015-12-07,"1440"
2015-12-08,"1530"
2015-12-09,"1590"
2015-12-10,"1600"
2015-12-11,"1600"
2015-12-12,"1610"
2015-12-13,"1780"
2015-12-14,"1780"
2015-12-15,"1780"
2015-12-16,"1730"
2015-12-17,"1740"
2015-12-18,"1620"
2015-12-19,"1610"
2015-12-20,"1620"
2015-12-21,"1650"
2015-12-22,"1580"
2015-12-23,"1370"
2015-12-24,"1200"
2015-12-25,"985"
2015-12-26,"845"
2015-12-27,"828"
2015-12-28,"800"
2015-12-29,"758"
2015-12-30,"682"
2015-12-31,"634"
2016-01-01,"609"
2016-01-02,"597"
2016-01-03,"598"
2016-01-04,"599"
2016-01-05,"601"
2016-01-06,"604"
2016-01-07,"636"
2016-01-08,"615"
2016-01-09,"615"
2016-01-10,"632"
2016-01-11,"624"
2016-01-12,"620"
2016-01-13,"626"
2016-01-14,"597"
2016-01-15,"576"
2016-01-16,"574"
2016-01-17,"582"
2016-01-18,"586"
2016-01-19,"626"
2016-01-20,"613"
2016-01-21,"606"
2016-01-22,"612"
2016-01-23,"611"
2016-01-24,"623"
2016-01-25,"632"
2016-01-26,"630"
2016-01-27,"599"
2016-01-28,"598"
2016-01-29,"599"
2016-01-30,"600"
2016-01-31,"596"
2016-02-01,"602"
2016-02-02,"605"
2016-02-03,"594"
2016-02-04,"644"
2016-02-05,"608"
2016-02-06,"621"
2016-02-07,"612"
2016-02-08,"640"
2016-02-09,"644"
2016-02-10,"646"
2016-02-11,"646"
2016-02-12,"642"
2016-02-13,"650"
2016-02-14,"676"
2016-02-15,"674"
2016-02-16,"671"
2016-02-17,"701"
2016-02-18,"790"
2016-02-19,"888"
2016-02-20,"959"
2016-02-21,"975"
2016-02-22,"958"
2016-02-23,"961"
2016-02-24,"1090"
2016-02-25,"1050"
2016-02-26,"1080"
2016-02-27,"1060"
2016-02-28,"959"
2016-02-29,"963"
2016-03-01,"784"
2016-03-02,"720"
2016-03-03,"716"
2016-03-04,"744"
2016-03-05,"877"
2016-03-06,"1010"
2016-03-07,"951"
2016-03-08,"891"
2016-03-09,"735"
2016-03-10,"673"
2016-03-11,"796"
2016-03-12,"862"
2016-03-13,"843"
2016-03-14,"842"
2016-03-15,"782"
2016-03-16,"710"
2016-03-17,"678"
2016-03-18,"614"
2016-03-19,"580"
2016-03-20,"571"
2016-03-21,"562"
2016-03-22,"555"
2016-03-23,"605"
2016-03-24,"609"
2016-03-25,"613"
2016-03-26,"649"
2016-03-27,"678"
2016-03-28,"634"
2016-03-29,"591"
2016-03-30,"553"
2016-03-31,"495"
2016-04-01,"454"
2016-04-02,"452"
2016-04-03,"482"
2016-04-04,"505"
2016-04-05,"360"
2016-04-06,"264"
2016-04-07,"266"
2016-04-08,"189"
2016-04-09,"263"
2016-04-10,"216"
2016-04-11,"209"
2016-04-12,"255"
2016-04-13,"469"
2016-04-14,"428"
2016-04-15,"333"
2016-04-16,"282"
2016-04-17,"323"
2016-04-18,"311"
2016-04-19,"429"
2016-04-20,"539"
2016-04-21,"541"
2016-04-22,"590"
2016-04-23,"605"
2016-04-24,"627"
2016-04-25,"633"
2016-04-26,"668"
2016-04-27,"702"
2016-04-28,"643"
2016-04-29,"645"
2016-04-30,"603"
2016-05-01,"599"
2016-05-02,"662"
2016-05-03,"646"
2016-05-04,"601"
2016-05-05,"569"
2016-05-06,"537"
2016-05-07,"537"
2016-05-08,"557"
2016-05-09,"521"
2016-05-10,"528"
2016-05-11,"606"
2016-05-12,"639"
2016-05-13,"651"
2016-05-14,"629"
2016-05-15,"684"
2016-05-16,"787"
2016-05-17,"939"
2016-05-18,"1040"
2016-05-19,"1160"
2016-05-20,"1280"
2016-05-21,"1450"
2016-05-22,"1540"
2016-05-23,"1500"
2016-05-24,"1760"
2016-05-25,"2210"
2016-05-26,"2240"
2016-05-27,"2390"
2016-05-28,"2410"
2016-05-29,"2500"
2016-05-30,"2470"
2016-05-31,"2460"
2016-06-01,"2440"
2016-06-02,"2610"
2016-06-03,"2460"
2016-06-04,"2520"
2016-06-05,"2640"
2016-06-06,"2800"
2016-06-07,"3110"
2016-06-08,"3180"
2016-06-09,"3150"
2016-06-10,"3140"
2016-06-11,"2970"
2016-06-12,"2700"
2016-06-13,"2590"
2016-06-14,"2510"
2016-06-15,"2270"
2016-06-16,"2120"
2016-06-17,"1970"
2016-06-18,"1730"
2016-06-19,"1500"
2016-06-20,"1260"
2016-06-21,"1040"
2016-06-22,"1060"
2016-06-23,"821"
2016-06-24,"529"
2016-06-25,"404"
2016-06-26,"446"
2016-06-27,"476"
2016-06-28,"485"
2016-06-29,"431"
2016-06-30,"393"
2016-07-01,"291"
2016-07-02,"266"
2016-07-03,"337"
2016-07-04,"315"
2016-07-05,"289"
2016-07-06,"300"
2016-07-07,"241"
2016-07-08,"231"
2016-07-09,"191"
2016-07-10,"185"
2016-07-11,"180"
2016-07-12,"193"
2016-07-13,"166"
2016-07-14,"141"
2016-07-15,"135"
2016-07-16,"134"
2016-07-17,"137"
2016-07-18,"153"
2016-07-19,"154"
2016-07-20,"138"
2016-07-21,"123"
2016-07-22,"125"
2016-07-23,"128"
2016-07-24,"131"
2016-07-25,"134"
2016-07-26,"128"
2016-07-27,"110"
2016-07-28,"106"
2016-07-29,"103"
2016-07-30,"191"
2016-07-31,"645"
2016-08-01,"356"
2016-08-02,"267"
2016-08-03,"222"
2016-08-04,"195"
2016-08-05,"497"
2016-08-06,"351"
2016-08-07,"320"
2016-08-08,"349"
2016-08-09,"411"
2016-08-10,"345"
2016-08-11,"257"
2016-08-12,"104"
2016-08-13,"89.1"
2016-08-14,"90.4"
2016-08-15,"92.9"
2016-08-16,"74.4"
2016-08-17,"78.7"
2016-08-18,"79.3"
2016-08-19,"85.5"
2016-08-20,"76.5"
2016-08-21,"76.9"
2016-08-22,"125"
2016-08-23,"325"
2016-08-24,"141"
2016-08-25,"121"
2016-08-26,"97.0"
2016-08-27,"88.8"
2016-08-28,"90.7"
2016-08-29,"82.2"
2016-08-30,"60.7"
2016-08-31,"51.3"
2016-09-01,"47.1"
2016-09-02,"43.0"
2016-09-03,"40.2"
2016-09-04,"42.6"
2016-09-05,"40.5"
2016-09-06,"37.8"
2016-09-07,"82.6"
2016-09-08,"50.2"
2016-09-09,"36.9"
2016-09-10,"32.5"
2016-09-11,"31.7"
2016-09-12,"152"
2016-09-13,"58.2"
2016-09-14,"42.1"
2016-09-15,"34.0"
2016-09-16,"29.7"
2016-09-17,"27.9"
2016-09-18,"25.1"
2016-09-19,"24.3"
2016-09-20,"23.9"
2016-09-21,"22.6"
2016-09-22,"24.2"
2016-09-23,"24.5"
2016-09-24,"28.6"
2016-09-25,"24.6"
2016-09-26,"25.3"
2016-09-27,"29.1"
2016-09-28,"30.1"
2016-09-29,"32.8"
2016-09-30,"35.9"
2016-10-01,"49.5"
2016-10-02,"59.6"
2016-10-03,"59.9"
2016-10-04,"41.8"
2016-10-05,"31.9"
2016-10-06,"30.4"
2016-10-07,"37.8"
2016-10-08,"30.2"
2016-10-09,"122"
2016-10-10,"183"
2016-10-11,"92.7"
2016-10-12,"60.2"
2016-10-13,"52.9"
2016-10-14,"47.6"
2016-10-15,"41.2"
2016-10-16,"56.7"
2016-10-17,"54.1"
2016-10-18,"35.2"
2016-10-19,"30.5"
2016-10-20,"30.2"
2016-10-21,"29.7"
2016-10-22,"27.9"
2016-10-23,"26.0"
2016-10-24,"26.9"
2016-10-25,"28.3"
2016-10-26,"28.1"
2016-10-27,"35.3"
2016-10-28,"47.3"
2016-10-29,"83.9"
2016-10-30,"114"
2016-10-31,"215"
2016-11-01,"266"
2016-11-02,"338"
2016-11-03,"341"
2016-11-04,"347"
2016-11-05,"406"
2016-11-06,"507"
2016-11-07,"513"
2016-11-08,"422"
2016-11-09,"457"
2016-11-10,"428"
2016-11-11,"434"
2016-11-12,"457"
2016-11-13,"470"
2016-11-14,"512"
2016-11-15,"549"
2016-11-16,"573"
2016-11-17,"580"
2016-11-18,"584"
2016-11-19,"584"
2016-11-20,"641"
2016-11-21,"677"
2016-11-22,"877"
2016-11-23,"769"
2016-11-24,"784"
2016-11-25,"766"
2016-11-26,"765"
2016-11-27,"766"
2016-11-28,"758"
2016-11-29,"770"
2016-11-30,"769"
2016-12-01,"768"
2016-12-02,"773"
2016-12-03,"733"
2016-12-04,"629"
2016-12-05,"625"
2016-12-06,"634"
2016-12-07,"644"
2016-12-08,"662"
2016-12-09,"688"
2016-12-10,"695"
2016-12-11,"716"
2016-12-12,"716"
2016-12-13,"728"
2016-12-14,"765"
2016-12-15,"779"
2016-12-16,"775"
2016-12-17,"811"
2016-12-18,"822"
2016-12-19,"793"
2016-12-20,"787"
2016-12-21,"779"
2016-12-22,"821"
2016-12-23,"847"
2016-12-24,"694"
2016-12-25,"697"
2016-12-26,"700"
2016-12-27,"698"
2016-12-28,"681"
2016-12-29,"694"
2016-12-30,"723"
2016-12-31,"697"
2017-01-01,"721"
2017-01-02,"692"
2017-01-03,"703"
2017-01-04,"687"
2017-01-05,"647"
2017-01-06,"649"
2017-01-07,"642"
2017-01-08,"643"
2017-01-09,"661"
2017-01-10,"660"
2017-01-11,"641"
2017-01-12,"663"
2017-01-13,"667"
2017-01-14,"665"
2017-01-15,"838"
2017-01-16,"1140"
2017-01-17,"1030"
2017-01-18,"925"
2017-01-19,"953"
2017-01-20,"914"
2017-01-21,"925"
2017-01-22,"872"
2017-01-23,"806"
2017-01-24,"767"
2017-01-25,"765"
2017-01-26,"738"
2017-01-27,"694"
2017-01-28,"667"
2017-01-29,"656"
2017-01-30,"638"
2017-01-31,"639"
2017-02-01,"581"
2017-02-02,"602"
2017-02-03,"587"
2017-02-04,"601"
2017-02-05,"643"
2017-02-06,"643"
2017-02-07,"631"
2017-02-08,"642"
2017-02-09,"649"
2017-02-10,"678"
2017-02-11,"702"
2017-02-12,"759"
2017-02-13,"824"
2017-02-14,"955"
2017-02-15,"958"
2017-02-16,"948"
2017-02-17,"951"
2017-02-18,"1020"
2017-02-19,"1020"
2017-02-20,"1030"
2017-02-21,"1010"
2017-02-22,"1010"
2017-02-23,"990"
2017-02-24,"1000"
2017-02-25,"996"
2017-02-26,"970"
2017-02-27,"938"
2017-02-28,"893"
2017-03-01,"751"
2017-03-02,"664"
2017-03-03,"629"
2017-03-04,"637"
2017-03-05,"645"
2017-03-06,"636"
2017-03-07,"631"
2017-03-08,"609"
2017-03-09,"577"
2017-03-10,"596"
2017-03-11,"619"
2017-03-12,"653"
2017-03-13,"665"
2017-03-14,"710"
2017-03-15,"735"
2017-03-16,"970"
2017-03-17,"1130"
2017-03-18,"1520"
2017-03-19,"1590"
2017-03-20,"1610"
2017-03-21,"1880"
2017-03-22,"2200"
2017-03-23,"2480"
2017-03-24,"2710"
2017-03-25,"2870"
2017-03-26,"2970"
2017-03-27,"3110"
2017-03-28,"3290"
2017-03-29,"3360"
2017-03-30,"3300"
2017-03-31,"3340"
2017-04-01,"3440"
2017-04-02,"3400"
2017-04-03,"3450"
2017-04-04,"3450"
2017-04-05,"3230"
2017-04-06,"3120"
2017-04-07,"2700"
2017-04-08,"2250"
2017-04-09,"2130"
2017-04-10,"2100"
2017-04-11,"2130"
2017-04-12,"2210"
2017-04-13,"2210"
2017-04-14,"2140"
2017-04-15,"2280"
2017-04-16,"2700"
2017-04-17,"3150"
2017-04-18,"3330"
2017-04-19,"3250"
2017-04-20,"3250"
2017-04-21,"3290"
2017-04-22,"3360"
2017-04-23,"3380"
2017-04-24,"3590"
2017-04-25,"4010"
2017-04-26,"4120"
2017-04-27,"4100"
2017-04-28,"3940"
2017-04-29,"3940"
2017-04-30,"3970"
2017-05-01,"3880"
2017-05-02,"3600"
2017-05-03,"3330"
2017-05-04,"3050"
2017-05-05,"2760"
2017-05-06,"2570"
2017-05-07,"2610"
2017-05-08,"2630"
2017-05-09,"2890"
2017-05-10,"3930"
2017-05-11,"4000"
2017-05-12,"4300"
2017-05-13,"4350"
2017-05-14,"4390"
2017-05-15,"4380"
2017-05-16,"4330"
2017-05-17,"4370"
2017-05-18,"4430"
2017-05-19,"4450"
2017-05-20,"4590"
2017-05-21,"4590"
2017-05-22,"4510"
2017-05-23,"4150"
2017-05-24,"3690"
2017-05-25,"3260"
2017-05-26,"3020"
2017-05-27,"3060"
2017-05-28,"3120"
2017-05-29,"3060"
2017-05-30,"3170"
2017-05-31,"3330"
2017-06-01,"3330"
2017-06-02,"3230"
2017-06-03,"3080"
2017-06-04,"2940"
2017-06-05,"2940"
2017-06-06,"2800"
2017-06-07,"2770"
2017-06-08,"2680"
2017-06-09,"2800"
2017-06-10,"2910"
2017-06-11,"3030"
2017-06-12,"2860"
2017-06-13,"2540"
2017-06-14,"2300"
2017-06-15,"1930"
2017-06-16,"1550"
2017-06-17,"1180"
2017-06-18,"911"
2017-06-19,"710"
2017-06-20,"652"
2017-06-21,"560"
2017-06-22,"533"
2017-06-23,"528"
2017-06-24,"525"
2017-06-25,"571"
2017-06-26,"547"
2017-06-27,"476"
2017-06-28,"348"
2017-06-29,"277"
2017-06-30,"299"
2017-07-01,"274"
2017-07-02,"231"
2017-07-03,"218"
2017-07-04,"212"
2017-07-05,"221"
2017-07-06,"207"
2017-07-07,"170"
2017-07-08,"141"
2017-07-09,"145"
2017-07-10,"165"
2017-07-11,"182"
2017-07-12,"107"
2017-07-13,"90.4"
2017-07-14,"103"
2017-07-15,"111"
2017-07-16,"99.2"
2017-07-17,"112"
2017-07-18,"130"
2017-07-19,"109"
2017-07-20,"99.0"
2017-07-21,"102"
2017-07-22,"103"
2017-07-23,"99.7"
2017-07-24,"91.1"
2017-07-25,"80.5"
2017-07-26,"81.6"
2017-07-27,"83.8"
2017-07-28,"96.4"
2017-07-29,"133"
2017-07-30,"102"
2017-07-31,"248"
2017-08-01,"420"
2017-08-02,"205"
2017-08-03,"195"
2017-08-04,"215"
2017-08-05,"251"
2017-08-06,"316"
2017-08-07,"299"
2017-08-08,"153"
2017-08-09,"91.4"
2017-08-10,"91.8"
2017-08-11,"101"
2017-08-12,"417"
2017-08-13,"327"
2017-08-14,"163"
2017-08-15,"141"
2017-08-16,"103"
2017-08-17,"110"
2017-08-18,"88.1"
2017-08-19,"90.1"
2017-08-20,"88.1"
2017-08-21,"107"
2017-08-22,"103"
2017-08-23,"86.7"
2017-08-24,"86.4"
2017-08-25,"90.4"
2017-08-26,"86.2"
2017-08-27,"84.1"
2017-08-28,"85.1"
2017-08-29,"81.4"
2017-08-30,"159"
2017-08-31,"95.0"
2017-09-01,"81.5"
2017-09-02,"81.0"
2017-09-03,"80.8"
2017-09-04,"79.4"
2017-09-05,"81.5"
2017-09-06,"78.0"
2017-09-07,"80.5"
2017-09-08,"80.6"
2017-09-09,"87.1"
2017-09-10,"78.5"
2017-09-11,"80.6"
2017-09-12,"85.1"
2017-09-13,"95.7"
2017-09-14,"86.9"
2017-09-15,"87.6"
2017-09-16,"89.8"
2017-09-17,"99.3"
2017-09-18,"99.2"
2017-09-19,"97.1"
2017-09-20,"93.6"
2017-09-21,"95.0"
2017-09-22,"102"
2017-09-23,"100"
2017-09-24,"117"
2017-09-25,"142"
2017-09-26,"120"
2017-09-27,"331"
2017-09-28,"789"
2017-09-29,"1190"
2017-09-30,"1150"
2017-10-01,"2010"
2017-10-02,"1330"
2017-10-03,"1010"
2017-10-04,"913"
2017-10-05,"1730"
2017-10-06,"3140"
2017-10-07,"2000"
2017-10-08,"1640"
2017-10-09,"1440"
2017-10-10,"1300"
2017-10-11,"1200"
2017-10-12,"983"
2017-10-13,"960"
2017-10-14,"826"
2017-10-15,"666"
2017-10-16,"633"
2017-10-17,"634"
2017-10-18,"505"
2017-10-19,"437"
2017-10-20,"416"
2017-10-21,"385"
2017-10-22,"388"
2017-10-23,"423"
2017-10-24,"395"
2017-10-25,"354"
2017-10-26,"343"
2017-10-27,"340"
2017-10-28,"332"
2017-10-29,"359"
2017-10-30,"445"
2017-10-31,"507"
2017-11-01,"512"
2017-11-02,"512"
2017-11-03,"540"
2017-11-04,"602"
2017-11-05,"711"
2017-11-06,"776"
2017-11-07,"812"
2017-11-08,"914"
2017-11-09,"980"
2017-11-10,"1040"
2017-11-11,"1120"
2017-11-12,"1120"
2017-11-13,"1120"
2017-11-14,"899"
2017-11-15,"1120"
2017-11-16,"1350"
2017-11-17,"1150"
2017-11-18,"1150"
2017-11-19,"1300"
2017-11-20,"1290"
2017-11-21,"1200"
2017-11-22,"1340"
2017-11-23,"1390"
2017-11-24,"1410"
2017-11-25,"1420"
2017-11-26,"1410"
2017-11-27,"1420"
2017-11-28,"1420"
2017-11-29,"1410"
2017-11-30,"1440"
2017-12-01,"1530"
2017-12-02,"1530"
2017-12-03,"1520"
2017-12-04,"1500"
2017-12-05,"1490"
2017-12-06,"1490"
2017-12-07,"1480"
2017-12-08,"1440"
2017-12-09,"1340"
2017-12-10,"1300"
2017-12-11,"1290"
2017-12-12,"1270"
2017-12-13,"1270"
2017-12-14,"1270"
2017-12-15,"1260"
2017-12-16,"1170"
2017-12-17,"1060"
2017-12-18,"1030"
2017-12-19,"1010"
2017-12-20,"1020"
2017-12-21,"1070"
2017-12-22,"1040"
2017-12-23,"868"
2017-12-24,"765"
2017-12-25,"756"
2017-12-26,"737"
2017-12-27,"736"
2017-12-28,"721"
2017-12-29,"690"
2017-12-30,"672"
2017-12-31,"645"
2018-01-01,"652"
2018-01-02,"651"
2018-01-03,"649"
2018-01-04,"653"
2018-01-05,"676"
2018-01-06,"688"
2018-01-07,"727"
2018-01-08,"738"
2018-01-09,"727"
2018-01-10,"693"
2018-01-11,"653"
2018-01-12,"632"
2018-01-13,"628"
2018-01-14,"642"
2018-01-15,"639"
2018-01-16,"640"
2018-01-17,"630"
2018-01-18,"624"
2018-01-19,"623"
2018-01-20,"602"
2018-01-21,"562"
2018-01-22,"487"
2018-01-23,"496"
2018-01-24,"584"
2018-01-25,"611"
2018-01-26,"596"
2018-01-27,"533"
2018-01-28,"520"
2018-01-29,"540"
2018-01-30,"535"
2018-01-31,"499"
2018-02-01,"506"
2018-02-02,"518"
2018-02-03,"532"
2018-02-04,"533"
2018-02-05,"531"
2018-02-06,"554"
2018-02-07,"564"
2018-02-08,"577"
2018-02-09,"577"
2018-02-10,"585"
2018-02-11,"642"
2018-02-12,"654"
2018-02-13,"663"
2018-02-14,"657"
2018-02-15,"699"
2018-02-16,"724"
2018-02-17,"655"
2018-02-18,"641"
2018-02-19,"631"
2018-02-20,"651"
2018-02-21,"656"
2018-02-22,"672"
2018-02-23,"630"
2018-02-24,"611"
2018-02-25,"610"
2018-02-26,"582"
2018-02-27,"536"
2018-02-28,"469"
2018-03-01,"511"
2018-03-02,"465"
2018-03-03,"495"
2018-03-04,"510"
2018-03-05,"475"
2018-03-06,"373"
2018-03-07,"245"
2018-03-08,"224"
2018-03-09,"220"
2018-03-10,"240"
2018-03-11,"235"
2018-03-12,"231"
2018-03-13,"223"
2018-03-14,"207"
2018-03-15,"183"
2018-03-16,"184"
2018-03-17,"182"
2018-03-18,"197"
2018-03-19,"260"
2018-03-20,"208"
2018-03-21,"182"
2018-03-22,"176"
2018-03-23,"176"
2018-03-24,"177"
2018-03-25,"177"
2018-03-26,"166"
2018-03-27,"140"
2018-03-28,"136"
2018-03-29,"136"
2018-03-30,"138"
2018-03-31,"137"
2018-04-01,"138"
2018-04-02,"136"
2018-04-03,"125"
2018-04-04,"122"
2018-04-05,"114"
2018-04-06,"105"
2018-04-07,"104"
2018-04-08,"103"
2018-04-09,"102"
2018-04-10,"101"
2018-04-11,"101"
2018-04-12,"102"
2018-04-13,"103"
2018-04-14,"103"
2018-04-15,"104"
2018-04-16,"104"
2018-04-17,"104"
2018-04-18,"104"
2018-04-19,"104"
2018-04-20,"104"
2018-04-21,"104"
2018-04-22,"105"
2018-04-23,"105"
2018-04-24,"105"
2018-04-25,"105"
2018-04-26,"104"
2018-04-27,"99.6"
2018-04-28,"100"
2018-04-29,"103"
2018-04-30,"102"
2018-05-01,"97.1"
2018-05-02,"96.7"
2018-05-03,"97.0"
2018-05-04,"97.1"
2018-05-05,"95.1"
2018-05-06,"94.4"
2018-05-07,"95.3"
2018-05-08,"141"
2018-05-09,"98.1"
2018-05-10,"96.7"
2018-05-11,"96.0"
2018-05-12,"96.0"
2018-05-13,"97.3"
2018-05-14,"96.4"
2018-05-15,"103"
2018-05-16,"97.4"
2018-05-17,"91.7"
2018-05-18,"91.5"
2018-05-19,"90.8"
2018-05-20,"91.2"
2018-05-21,"109"
2018-05-22,"278"
2018-05-23,"118"
2018-05-24,"91.2"
2018-05-25,"88.6"
2018-05-26,"88.5"
2018-05-27,"101"
2018-05-28,"101"
2018-05-29,"90.1"
2018-05-30,"80.4"
2018-05-31,"78.9"
2018-06-01,"78.8"
2018-06-02,"78.2"
2018-06-03,"111"
2018-06-04,"263"
2018-06-05,"139"
2018-06-06,"94.9"
2018-06-07,"81.6"
2018-06-08,"76.8"
2018-06-09,"84.1"
2018-06-10,"97.5"
2018-06-11,"92.7"
2018-06-12,"75.5"
2018-06-13,"74.6"
2018-06-14,"73.5"
2018-06-15,"73.0"
2018-06-16,"89.9"
2018-06-17,"319"
2018-06-18,"169"
2018-06-19,"126"
2018-06-20,"82.3"
2018-06-21,"74.0"
2018-06-22,"84.0"
2018-06-23,"71.4"
2018-06-24,"69.9"
2018-06-25,"69.2"
2018-06-26,"67.9"
2018-06-27,"67.7"
2018-06-28,"66.4"
2018-06-29,"65.4"
2018-06-30,"72.7"
2018-07-01,"73.9"
2018-07-02,"65.7"
2018-07-03,"65.8"
2018-07-04,"66.3"
2018-07-05,"73.8"
2018-07-06,"267"
2018-07-07,"208"
2018-07-08,"91.8"
2018-07-09,"82.7"
2018-07-10,"84.4"
2018-07-11,"62.8"
2018-07-12,"69.8"
2018-07-13,"121"
2018-07-14,"265"
2018-07-15,"184"
2018-07-16,"123"
2018-07-17,"67.1"
2018-07-18,"62.6"
2018-07-19,"65.8"
2018-07-20,"71.1"
2018-07-21,"71.1"
2018-07-22,"73.3"
2018-07-23,"72.5"
2018-07-24,"77.1"
2018-07-25,"182"
2018-07-26,"114"
2018-07-27,"854"
2018-07-28,"760"
2018-07-29,"159"
2018-07-30,"87.7"
2018-07-31,"159"
2018-08-01,"83.6"
2018-08-02,"245"
2018-08-03,"151"
2018-08-04,"85.9"
2018-08-05,"81.9"
2018-08-06,"82.9"
2018-08-07,"75.5"
2018-08-08,"70.7"
2018-08-09,"79.9"
2018-08-10,"80.7"
2018-08-11,"81.1"
2018-08-12,"101"
2018-08-13,"85.0"
2018-08-14,"79.7"
2018-08-15,"78.8"
2018-08-16,"79.4"
2018-08-17,"79.4"
2018-08-18,"79.9"
2018-08-19,"81.3"
2018-08-20,"77.4"
2018-08-21,"76.6"
2018-08-22,"77.3"
2018-08-23,"168"
2018-08-24,"114"
2018-08-25,"72.8"
2018-08-26,"69.4"
2018-08-27,"65.5"
2018-08-28,"59.8"
2018-08-29,"54.3"
2018-08-30,"48.3"
2018-08-31,"44.7"
2018-09-01,"46.9"
2018-09-02,"49.6"
2018-09-03,"47.7"
2018-09-04,"44.4"
2018-09-05,"39.2"
2018-09-06,"36.9"
2018-09-07,"35.8"
2018-09-08,"33.7"
2018-09-09,"33.4"
2018-09-10,"33.9"
2018-09-11,"32.2"
2018-09-12,"33.4"
2018-09-13,"33.1"
2018-09-14,"33.8"
2018-09-15,"33.9"
2018-09-16,"34.0"
2018-09-17,"34.5"
2018-09-18,"34.3"
2018-09-19,"34.9"
2018-09-20,"36.6"
2018-09-21,"37.2"
2018-09-22,"37.4"
2018-09-23,"37.9"
2018-09-24,"35.4"
2018-09-25,"33.8"
2018-09-26,"33.7"
2018-09-27,"35.1"
2018-09-28,"34.3"
2018-09-29,"33.7"
2018-09-30,"33.4"
2018-10-01,"33.0"
2018-10-02,"32.5"
2018-10-03,"32.8"
2018-10-04,"32.0"
2018-10-05,"31.4"
2018-10-06,"32.1"
2018-10-07,"31.4"
2018-10-08,"31.7"
2018-10-09,"33.7"
2018-10-10,"35.7"
2018-10-11,"36.0"
2018-10-12,"34.9"
2018-10-13,"34.5"
2018-10-14,"36.0"
2018-10-15,"37.1"
2018-10-16,"68.7"
2018-10-17,"76.6"
2018-10-18,"52.4"
2018-10-19,"45.8"
2018-10-20,"42.6"
2018-10-21,"40.6"
2018-10-22,"41.4"
2018-10-23,"86.0"
2018-10-24,"890"
2018-10-25,"828"
2018-10-26,"353"
2018-10-27,"240"
2018-10-28,"188"
2018-10-29,"173"
2018-10-30,"184"
2018-10-31,"252"
2018-11-01,"259"
2018-11-02,"235"
2018-11-03,"264"
2018-11-04,"258"
2018-11-05,"277"
2018-11-06,"271"
2018-11-07,"309"
2018-11-08,"321"
2018-11-09,"322"
2018-11-10,"328"
2018-11-11,"310"
2018-11-12,"254"
2018-11-13,"255"
2018-11-14,"251"
2018-11-15,"271"
2018-11-16,"278"
2018-11-17,"257"
2018-11-18,"258"
2018-11-19,"268"
2018-11-20,"267"
2018-11-21,"259"
2018-11-22,"258"
2018-11-23,"257"
2018-11-24,"253"
2018-11-25,"244"
2018-11-26,"256"
2018-11-27,"252"
2018-11-28,"266"
2018-11-29,"252"
2018-11-30,"245"
2018-12-01,"254"
2018-12-02,"254"
2018-12-03,"265"
2018-12-04,"271"
2018-12-05,"337"
2018-12-06,"359"
2018-12-07,"369"
2018-12-08,"355"
2018-12-09,"347"
2018-12-10,"378"
2018-12-11,"446"
2018-12-12,"529"
2018-12-13,"531"
2018-12-14,"483"
2018-12-15,"486"
2018-12-16,"466"
2018-12-17,"484"
2018-12-18,"476"
2018-12-19,"467"
2018-12-20,"455"
2018-12-21,"436"
2018-12-22,"440"
2018-12-23,"416"
2018-12-24,"407"
2018-12-25,"415"
2018-12-26,"415"
2018-12-27,"441"
2018-12-28,"426"
2018-12-29,"454"
2018-12-30,"443"
2018-12-31,"463"
