"Date","Mean_daily_discharge_cfs"
2003-01-01,NA
2003-01-02,521.625
2003-01-03,500.020833333333
2003-01-04,496.5
2003-01-05,501.854166666667
2003-01-06,501.9375
2003-01-07,490.645833333333
2003-01-08,491.3125
2003-01-09,483.229166666667
2003-01-10,506.875
2003-01-11,NA
2003-01-12,NA
2003-01-13,530.166666666667
2003-01-14,NA
2003-01-15,NA
2003-01-16,569.270833333333
2003-01-17,639.666666666667
2003-01-18,560.583333333333
2003-01-19,NA
2003-01-20,506.8125
2003-01-21,466.229166666667
2003-01-22,NA
2003-01-23,409.3125
2003-01-24,NA
2003-01-25,389.0625
2003-01-26,NA
2003-01-27,382.020833333333
2003-01-28,414.541666666667
2003-01-29,508.333333333333
2003-01-30,NA
2003-01-31,582.458333333333
2003-02-01,NA
2003-02-02,603.958333333333
2003-02-03,578.833333333333
2003-02-04,587.625
2003-02-05,623.583333333333
2003-02-06,623.8125
2003-02-07,636.208333333333
2003-02-08,669.395833333333
2003-02-09,NA
2003-02-10,594.916666666667
2003-02-11,523.395833333333
2003-02-12,482.729166666667
2003-02-13,447.791666666667
2003-02-14,436.041666666667
2003-02-15,479.416666666667
2003-02-16,623.1875
2003-02-17,621.458333333333
2003-02-18,701.708333333333
2003-02-19,644.8125
2003-02-20,546.0625
2003-02-21,473.354166666667
2003-02-22,613.604166666667
2003-02-23,604.916666666667
2003-02-24,521.5
2003-02-25,498.9375
2003-02-26,430.979166666667
2003-02-27,376.145833333333
2003-02-28,276.1875
2003-03-01,287.1875
2003-03-02,293.895833333333
2003-03-03,NA
2003-03-04,NA
2003-03-05,NA
2003-03-06,381.291666666667
2003-03-07,279.666666666667
2003-03-08,240.541666666667
2003-03-09,245.5625
2003-03-10,272.354166666667
2003-03-11,321.791666666667
2003-03-12,NA
2003-03-13,219
2003-03-14,NA
2003-03-15,164.895833333333
2003-03-16,193.354166666667
2003-03-17,NA
2003-03-18,189.895833333333
2003-03-19,201.958333333333
2003-03-20,267.8125
2003-03-21,419.1875
2003-03-22,386.291666666667
2003-03-23,609.6875
2003-03-24,372.145833333333
2003-03-25,345.5
2003-03-26,295.395833333333
2003-03-27,243.979166666667
2003-03-28,235.520833333333
2003-03-29,NA
2003-03-30,NA
2003-03-31,NA
2003-04-01,310.0625
2003-04-02,NA
2003-04-03,NA
2003-04-04,174.041666666667
2003-04-05,192.458333333333
2003-04-06,200.145833333333
2003-04-07,166.916666666667
2003-04-08,NA
2003-04-09,165.75
2003-04-10,159.854166666667
2003-04-11,154.541666666667
2003-04-12,164.1875
2003-04-13,NA
2003-04-14,152.479166666667
2003-04-15,145.75
2003-04-16,140.416666666667
2003-04-17,NA
2003-04-18,196.291666666667
2003-04-19,228.895833333333
2003-04-20,333.791666666667
2003-04-21,361.770833333333
2003-04-22,375.958333333333
2003-04-23,350.104166666667
2003-04-24,NA
2003-04-25,323.354166666667
2003-04-26,333.145833333333
2003-04-27,NA
2003-04-28,NA
2003-04-29,NA
2003-04-30,243.708333333333
2003-05-01,211.4375
2003-05-02,291.416666666667
2003-05-03,370.604166666667
2003-05-04,433.291666666667
2003-05-05,390.1875
2003-05-06,304.833333333333
2003-05-07,308.520833333333
2003-05-08,254.5
2003-05-09,171.666666666667
2003-05-10,182.208333333333
2003-05-11,179.104166666667
2003-05-12,208.4375
2003-05-13,160.3125
2003-05-14,162.770833333333
2003-05-15,162.375
2003-05-16,NA
2003-05-17,NA
2003-05-18,479.541666666667
2003-05-19,529.1875
2003-05-20,NA
2003-05-21,273.75
2003-05-22,276.125
2003-05-23,236.333333333333
2003-05-24,229.25
2003-05-25,245.583333333333
2003-05-26,NA
2003-05-27,239.354166666667
2003-05-28,464.625
2003-05-29,436.416666666667
2003-05-30,497.041666666667
2003-05-31,465.541666666667
2003-06-01,540.645833333333
2003-06-02,NA
2003-06-03,329.25
2003-06-04,282.8125
2003-06-05,270
2003-06-06,260.125
2003-06-07,217.770833333333
2003-06-08,181.645833333333
2003-06-09,177.458333333333
2003-06-10,147.5625
2003-06-11,146.479166666667
2003-06-12,129.729166666667
2003-06-13,106.333333333333
2003-06-14,103.020833333333
2003-06-15,114.4375
2003-06-16,96.8125
2003-06-17,129.875
2003-06-18,102.5625
2003-06-19,110.229166666667
2003-06-20,131.708333333333
2003-06-21,120.583333333333
2003-06-22,108.416666666667
2003-06-23,105.625
2003-06-24,95.7291666666667
2003-06-25,93.0833333333333
2003-06-26,84.1041666666667
2003-06-27,73.5208333333333
2003-06-28,66.4583333333333
2003-06-29,68.3958333333333
2003-06-30,72.0833333333333
2003-07-01,NA
2003-07-02,NA
2003-07-03,59.125
2003-07-04,59.5833333333333
2003-07-05,59.3958333333333
2003-07-06,59.6875
2003-07-07,60.6458333333333
2003-07-08,60.0208333333333
2003-07-09,59.8125
2003-07-10,59.3958333333333
2003-07-11,59.0833333333333
2003-07-12,59.6875
2003-07-13,59.8125
2003-07-14,59.6875
2003-07-15,58.0208333333333
2003-07-16,NA
2003-07-17,52.1666666666667
2003-07-18,NA
2003-07-19,50.5208333333333
2003-07-20,50.125
2003-07-21,49.0416666666667
2003-07-22,48.6041666666667
2003-07-23,48.5208333333333
2003-07-24,48.375
2003-07-25,28.6458333333333
2003-07-26,12.0416666666667
2003-07-27,NA
2003-07-28,NA
2003-07-29,NA
2003-07-30,11.9583333333333
2003-07-31,11.7291666666667
2003-08-01,11.6041666666667
2003-08-02,11.2708333333333
2003-08-03,11.0625
2003-08-04,11.0625
2003-08-05,11.1666666666667
2003-08-06,11.0416666666667
2003-08-07,11.125
2003-08-08,11.7708333333333
2003-08-09,11.9791666666667
2003-08-10,11.7291666666667
2003-08-11,NA
2003-08-12,NA
2003-08-13,11.7291666666667
2003-08-14,NA
2003-08-15,NA
2003-08-16,NA
2003-08-17,NA
2003-08-18,NA
2003-08-19,12
2003-08-20,NA
2003-08-21,11.9375
2003-08-22,11.9583333333333
2003-08-23,11.6875
2003-08-24,11.4375
2003-08-25,11.0833333333333
2003-08-26,11.625
2003-08-27,11.3958333333333
2003-08-28,11
2003-08-29,11
2003-08-30,14.1041666666667
2003-08-31,11
2003-09-01,11
2003-09-02,NA
2003-09-03,11
2003-09-04,NA
2003-09-05,12.0208333333333
2003-09-06,12
2003-09-07,121.666666666667
2003-09-08,155.479166666667
2003-09-09,256.583333333333
2003-09-10,231.375
2003-09-11,NA
2003-09-12,NA
2003-09-13,NA
2003-09-14,NA
2003-09-15,NA
2003-09-16,9.27083333333333
2003-09-17,0.3125
2003-09-18,NA
2003-09-19,NA
2003-09-20,0
2003-09-21,NA
2003-09-22,NA
2003-09-23,NA
2003-09-24,6.27083333333333
2003-09-25,7.89583333333333
2003-09-26,9.29166666666667
2003-09-27,9.54166666666667
2003-09-28,10.1458333333333
2003-09-29,10.6875
2003-09-30,10.7291666666667
2003-10-01,11
2003-10-02,12.8958333333333
2003-10-03,14.1875
2003-10-04,18.7083333333333
2003-10-05,16.6041666666667
2003-10-06,NA
2003-10-07,237.729166666667
2003-10-08,350.666666666667
2003-10-09,388.395833333333
2003-10-10,212.5625
2003-10-11,199.708333333333
2003-10-12,185.041666666667
2003-10-13,223.145833333333
2003-10-14,280.208333333333
2003-10-15,155.75
2003-10-16,113.8125
2003-10-17,NA
2003-10-18,NA
2003-10-19,75
2003-10-20,57.4375
2003-10-21,NA
2003-10-22,56
2003-10-23,49.4166666666667
2003-10-24,52.1666666666667
2003-10-25,NA
2003-10-26,47.6458333333333
2003-10-27,NA
2003-10-28,39.8125
2003-10-29,NA
2003-10-30,NA
2003-10-31,57.5833333333333
2003-11-01,144.875
2003-11-02,152.9375
2003-11-03,183.979166666667
2003-11-04,205.770833333333
2003-11-05,221.541666666667
2003-11-06,NA
2003-11-07,241.104166666667
2003-11-08,265.6875
2003-11-09,304.270833333333
2003-11-10,316.083333333333
2003-11-11,NA
2003-11-12,NA
2003-11-13,404.3125
2003-11-14,473.354166666667
2003-11-15,648.729166666667
2003-11-16,689.458333333333
2003-11-17,NA
2003-11-18,640.583333333333
2003-11-19,645.395833333333
2003-11-20,NA
2003-11-21,699.416666666667
2003-11-22,719.770833333333
2003-11-23,710.354166666667
2003-11-24,676.270833333333
2003-11-25,659.4375
2003-11-26,NA
2003-11-27,NA
2003-11-28,NA
2003-11-29,NA
2003-11-30,945.729166666667
2003-12-01,1543.33333333333
2003-12-02,1051.625
2003-12-03,898.666666666667
2003-12-04,NA
2003-12-05,962.25
2003-12-06,NA
2003-12-07,NA
2003-12-08,NA
2003-12-09,NA
2003-12-10,NA
2003-12-11,1016.77083333333
2003-12-12,1119.22916666667
2003-12-13,NA
2003-12-14,NA
2003-12-15,1173.3125
2003-12-16,NA
2003-12-17,980.291666666667
2003-12-18,NA
2003-12-19,NA
2003-12-20,1221.41666666667
2003-12-21,1212.16666666667
2003-12-22,NA
2003-12-23,NA
2003-12-24,NA
2003-12-25,NA
2003-12-26,NA
2003-12-27,NA
2003-12-28,NA
2003-12-29,NA
2003-12-30,NA
2003-12-31,NA
2004-04-26,555
2004-04-27,591.291666666667
2004-04-28,502.166666666667
2004-04-29,NA
2004-04-30,393.125
2004-05-01,410.25
2004-05-02,471.020833333333
2004-05-03,NA
2004-05-04,522.416666666667
2004-05-05,518.083333333333
2004-05-06,672.645833333333
2004-05-07,1314.375
2004-05-08,NA
2004-05-09,NA
2004-05-10,NA
2004-05-11,3763.125
2004-05-12,NA
2004-05-13,1858.75
2004-05-14,1956.66666666667
2004-05-15,2147.5
2004-05-16,2174.79166666667
2004-05-17,2171.875
2004-05-18,1962.70833333333
2004-05-19,1369.79166666667
2004-05-20,NA
2004-05-21,NA
2004-05-22,NA
2004-05-23,NA
2004-05-24,NA
2004-05-25,1027.70833333333
2004-05-26,NA
2004-05-27,NA
2004-05-28,NA
2004-05-29,600.958333333333
2004-05-30,534.208333333333
2004-05-31,517.458333333333
2004-06-01,NA
2004-06-02,NA
2004-06-03,NA
2004-06-04,NA
2004-06-05,193.166666666667
2004-06-06,NA
2004-06-07,NA
2004-06-08,NA
2004-06-09,NA
2004-06-10,203
2004-06-11,NA
2004-06-12,NA
2004-06-13,NA
2004-06-14,NA
2004-06-15,NA
2004-06-16,NA
2004-06-17,NA
2004-06-18,108.3125
2004-06-19,98.2916666666667
2004-06-20,90.4583333333333
2004-06-21,82.1875
2004-06-22,77.7291666666667
2004-06-23,NA
2004-06-24,NA
2004-06-25,NA
2004-06-26,NA
2004-06-27,NA
2004-06-28,NA
2004-06-29,124.770833333333
2004-06-30,NA
2004-07-01,NA
2004-07-02,284.0625
2004-07-03,239.041666666667
2004-07-04,158.916666666667
2004-07-05,145.291666666667
2004-07-06,NA
2004-07-07,NA
2004-07-08,NA
2004-07-09,48.9166666666667
2004-07-10,NA
2004-07-11,39.4375
2004-07-12,37.5208333333333
2004-07-13,31.2708333333333
2004-07-14,28.0625
2004-07-15,29.25
2004-07-16,30.5416666666667
2004-07-17,NA
2004-07-18,NA
2004-07-19,31.2291666666667
2004-07-20,NA
2004-07-21,32.5833333333333
2004-07-22,85.8125
2004-07-23,244.145833333333
2004-07-24,NA
2004-07-25,617.4375
2004-07-26,527.125
2004-07-27,901.958333333333
2004-07-28,NA
2004-07-29,1113.22916666667
2004-07-30,NA
2004-07-31,NA
2004-08-01,NA
2004-08-02,NA
2004-08-03,NA
2004-08-04,NA
2004-08-05,116.604166666667
2004-08-06,NA
2004-08-07,NA
2004-08-08,NA
2004-08-09,NA
2004-08-10,31.6458333333333
2004-08-11,NA
2004-08-12,NA
2004-08-13,NA
2004-08-14,NA
2004-08-15,NA
2004-08-16,NA
2004-08-17,NA
2004-08-18,NA
2004-08-19,118.625
2004-08-20,67.9583333333333
2004-08-21,NA
2004-08-22,48.5208333333333
2004-08-23,49.0416666666667
2004-08-24,NA
2004-08-25,21.5833333333333
2004-08-26,NA
2004-08-27,24.1458333333333
2004-08-28,21.8333333333333
2004-08-29,19.5625
2004-08-30,NA
2004-08-31,16.5416666666667
2004-09-01,14.3125
2004-09-02,18.0833333333333
2004-09-03,16.75
2004-09-04,NA
2004-09-05,17.1666666666667
2004-09-06,16.8125
2004-09-07,14.7291666666667
2004-09-08,13.4375
2004-09-09,12.25
2004-09-10,12.6875
2004-09-11,NA
2004-09-12,13.3333333333333
2004-09-13,NA
2004-09-14,NA
2004-09-15,NA
2004-09-16,13.6041666666667
2004-09-17,14.0625
2004-09-18,14.1875
2004-09-19,14.4166666666667
2004-09-20,14.5625
2004-09-21,NA
2004-09-22,NA
2004-09-23,14.5208333333333
2004-09-24,16.4583333333333
2004-09-25,17
2004-09-26,15.0625
2004-09-27,14.5625
2004-09-28,14.1666666666667
2004-09-29,15.0625
2004-09-30,NA
2004-10-01,15.0833333333333
2004-10-02,21.0625
2004-10-03,22.6666666666667
2004-10-04,16.125
2004-10-05,NA
2004-10-06,NA
2004-10-07,222.708333333333
2004-10-08,NA
2004-10-09,166.479166666667
2004-10-10,NA
2004-10-11,126.541666666667
2004-10-12,NA
2004-10-13,NA
2004-10-14,200.541666666667
2004-10-15,181.666666666667
2004-10-16,211.708333333333
2004-10-17,194.354166666667
2004-10-18,NA
2004-10-19,NA
2004-10-20,NA
2004-10-21,131.333333333333
2004-10-22,107.291666666667
2004-10-23,108.8125
2004-10-24,98.3333333333333
2004-10-25,98.1041666666667
2004-10-26,97.1458333333333
2004-10-27,NA
2004-10-28,NA
2004-10-29,108.666666666667
2004-10-30,155.208333333333
2004-10-31,176.625
2004-11-01,NA
2004-11-02,NA
2004-11-03,309.375
2004-11-04,NA
2004-11-05,NA
2004-11-06,NA
2004-11-07,NA
2004-11-08,NA
2004-11-09,NA
2004-11-10,NA
2004-11-11,NA
2004-11-12,NA
2004-11-13,NA
2004-11-14,732.083333333333
2004-11-15,745.3125
2004-11-16,NA
2004-11-17,NA
2004-11-18,823.416666666667
2004-11-19,856.333333333333
2004-11-20,883.833333333333
2004-11-21,876.145833333333
2004-11-22,912.791666666667
2004-11-23,NA
2004-11-24,NA
2004-11-25,NA
2004-11-26,NA
2004-11-27,NA
2004-11-28,NA
2004-11-29,NA
2004-11-30,NA
2004-12-01,954.770833333333
2004-12-02,931.75
2004-12-03,933.791666666667
2004-12-04,936.666666666667
2004-12-05,976.145833333333
2004-12-06,NA
2004-12-07,1065.625
2004-12-08,NA
2004-12-09,NA
2004-12-10,NA
2004-12-11,NA
2004-12-12,NA
2004-12-13,1513.75
2004-12-14,1508.54166666667
2004-12-15,1491.25
2004-12-16,1551.45833333333
2004-12-17,1532.91666666667
2004-12-18,1590.41666666667
2004-12-19,1558.95833333333
2004-12-20,NA
2004-12-21,1660.625
2004-12-22,1773.75
2004-12-23,NA
2004-12-24,NA
2004-12-25,NA
2004-12-26,NA
2004-12-27,NA
2004-12-28,1376.04166666667
2004-12-29,1369.16666666667
2004-12-30,NA
2004-12-31,NA
2005-05-29,NA
2005-05-30,NA
2005-05-31,NA
2005-06-01,4358.75
2005-06-02,NA
2005-06-03,NA
2005-06-04,NA
2005-06-05,NA
2005-06-06,NA
2005-06-07,6572.91666666667
2005-06-08,NA
2005-06-09,NA
2005-06-10,NA
2005-06-11,6229.58333333333
2005-06-12,NA
2005-06-13,NA
2005-06-14,5666.25
2005-06-15,5660.20833333333
2005-06-16,5768.54166666667
2005-06-17,NA
2005-06-18,5030.625
2005-06-19,4855.20833333333
2005-06-20,4896.45833333333
2005-06-21,4710
2005-06-22,4387.70833333333
2005-06-23,4302.29166666667
2005-06-24,4313.75
2005-06-25,3595.83333333333
2005-06-26,NA
2005-06-27,3196.875
2005-06-28,2576.04166666667
2005-06-29,NA
2005-06-30,2081.04166666667
2005-07-01,1950.41666666667
2005-07-02,NA
2005-07-03,1408.33333333333
2005-07-04,1038.10416666667
2005-07-05,NA
2005-07-06,NA
2005-07-07,NA
2005-07-08,500
2005-07-09,447.75
2005-07-10,433.3125
2005-07-11,382.583333333333
2005-07-12,315.520833333333
2005-07-13,NA
2005-07-14,179.645833333333
2005-07-15,NA
2005-07-16,NA
2005-07-17,NA
2005-07-18,NA
2005-07-19,178.229166666667
2005-07-20,191.4375
2005-07-21,166.791666666667
2005-07-22,NA
2005-07-23,NA
2005-07-24,NA
2005-07-25,128.166666666667
2005-07-26,129.416666666667
2005-07-27,121.166666666667
2005-07-28,117.958333333333
2005-07-29,NA
2005-07-30,115.541666666667
2005-07-31,NA
2005-08-01,107.770833333333
2005-08-02,107.75
2005-08-03,NA
2005-08-04,102.166666666667
2005-08-05,98.7708333333333
2005-08-06,61.1041666666667
2005-08-07,NA
2005-08-08,NA
2005-08-09,NA
2005-08-10,72.3958333333333
2005-08-11,56.9166666666667
2005-08-12,59.5
2005-08-13,NA
2005-08-14,NA
2005-08-15,635.270833333333
2005-08-16,745.791666666667
2005-08-17,NA
2005-08-18,NA
2005-08-19,238.916666666667
2005-08-20,NA
2005-08-21,NA
2005-08-22,179.291666666667
2005-08-23,NA
2005-08-24,NA
2005-08-25,74.9791666666667
2005-08-26,68.1041666666667
2005-08-27,67.8958333333333
2005-08-28,67.5
2005-08-29,68.1458333333333
2005-08-30,64.3125
2005-08-31,61.7291666666667
2005-09-01,59.2291666666667
2005-09-02,55.375
2005-09-03,319.5
2005-09-04,67.6666666666667
2005-09-05,187
2005-09-06,NA
2005-09-07,245.5
2005-09-08,173.5
2005-09-09,287.0625
2005-09-10,325.354166666667
2005-09-11,359.145833333333
2005-09-12,154.083333333333
2005-09-13,NA
2005-09-14,72.4791666666667
2005-09-15,59.6666666666667
2005-09-16,NA
2005-09-17,58.7083333333333
2005-09-18,59.5
2005-09-19,55.8125
2005-09-20,53.9166666666667
2005-09-21,51.8125
2005-09-22,41.7083333333333
2005-09-23,34.8541666666667
2005-09-24,NA
2005-09-25,NA
2005-09-26,33.6666666666667
2005-09-27,32.3541666666667
2005-09-28,31.8333333333333
2005-09-29,330.979166666667
2005-09-30,658.625
2005-10-01,1132.0625
2005-10-02,996.958333333333
2005-10-03,590.375
2005-10-04,338.791666666667
2005-10-05,282.645833333333
2005-10-06,NA
2005-10-07,289.5
2005-10-08,268.770833333333
2005-10-09,249.291666666667
2005-10-10,265
2005-10-11,335.645833333333
2005-10-12,332.208333333333
2005-10-13,320.645833333333
2005-10-14,298.791666666667
2005-10-15,271.5625
2005-10-16,261.5625
2005-10-17,331.833333333333
2005-10-18,329.458333333333
2005-10-19,NA
2005-10-20,NA
2005-10-21,NA
2005-10-22,331.041666666667
2005-10-23,275.479166666667
2005-10-24,NA
2005-10-25,NA
2005-10-26,179.041666666667
2005-10-27,168.333333333333
2005-10-28,130.541666666667
2005-10-29,110.875
2005-10-30,106.083333333333
2005-10-31,NA
2005-11-01,327.895833333333
2005-11-02,400.916666666667
2005-11-03,476.145833333333
2005-11-04,524.5625
2005-11-05,NA
2005-11-06,552.208333333333
2005-11-07,515.916666666667
2005-11-08,527.166666666667
2005-11-09,NA
2005-11-10,543.8125
2005-11-11,558.229166666667
2005-11-12,570.666666666667
2005-11-13,588.229166666667
2005-11-14,640.291666666667
2005-11-15,661.645833333333
2005-11-16,678.25
2005-11-17,759.166666666667
2005-11-18,790.541666666667
2005-11-19,843.270833333333
2005-11-20,863.520833333333
2005-11-21,NA
2005-11-22,NA
2005-11-23,NA
2005-11-24,898.625
2005-11-25,881.854166666667
2005-11-26,882.3125
2005-11-27,888.854166666667
2005-11-28,NA
2005-11-29,875.708333333333
2005-11-30,910.25
2005-12-01,903.75
2005-12-02,865.833333333333
2005-12-03,NA
2005-12-04,837.604166666667
2005-12-05,821.166666666667
2005-12-06,NA
2005-12-07,787.458333333333
2005-12-08,838.25
2005-12-09,NA
2005-12-10,NA
2005-12-11,653.333333333333
2005-12-12,617.916666666667
2005-12-13,604.416666666667
2005-12-14,604
2005-12-15,798.625
2005-12-16,936.520833333333
2005-12-17,883.958333333333
2005-12-18,840.3125
2005-12-19,733.270833333333
2005-12-20,713.1875
2005-12-21,705.979166666667
2005-12-22,702.625
2005-12-23,699.0625
2005-12-24,700.895833333333
2005-12-25,727.291666666667
2005-12-26,729.9375
2005-12-27,712.875
2005-12-28,714.333333333333
2005-12-29,NA
2005-12-30,NA
2005-12-31,NA
2006-11-16,NA
2006-11-17,3923.125
2006-11-18,3461.66666666667
2006-11-19,3772.29166666667
2006-11-20,4097.29166666667
2006-11-21,3899.16666666667
2006-11-22,3927.5
2006-11-23,3745.41666666667
2006-11-24,3851.875
2006-11-25,3791.66666666667
2006-11-26,3456.04166666667
2006-11-27,3307.70833333333
2006-11-28,NA
2006-11-29,2458.33333333333
2006-11-30,1734.375
2006-12-01,1586.45833333333
2006-12-02,1446.45833333333
2006-12-03,1378.95833333333
2006-12-04,1205.20833333333
2006-12-05,1055.79166666667
2006-12-06,1033.52083333333
2006-12-07,1018.85416666667
2006-12-08,963.416666666667
2006-12-09,972.5625
2006-12-10,954.333333333333
2006-12-11,1051.95833333333
2006-12-12,952.145833333333
2006-12-13,940.833333333333
2006-12-14,NA
2006-12-15,984.375
2006-12-16,994.875
2006-12-17,1047.5625
2006-12-18,1027.1875
2006-12-19,1016.66666666667
2006-12-20,876.125
2006-12-21,810.916666666667
2006-12-22,748.291666666667
2006-12-23,693.520833333333
2006-12-24,660.604166666667
2006-12-25,588.541666666667
2006-12-26,580.541666666667
2006-12-27,571.895833333333
2006-12-28,533.9375
2006-12-29,354.3125
2006-12-30,323.791666666667
2006-12-31,367.034482758621
2007-08-07,NA
2007-08-08,499.1875
2007-08-09,281.583333333333
2007-08-10,NA
2007-08-11,180.5
2007-08-12,153.9375
2007-08-13,163.666666666667
2007-08-14,54.1458333333333
2007-08-15,15.4375
2007-08-16,14.6458333333333
2007-08-17,22.6458333333333
2007-08-18,NA
2007-08-19,23.2916666666667
2007-08-20,NA
2007-08-21,NA
2007-08-22,18.5833333333333
2007-08-23,16.3541666666667
2007-08-24,30.8958333333333
2007-08-25,30.1458333333333
2007-08-26,NA
2007-08-27,18.2708333333333
2007-08-28,30.2916666666667
2007-08-29,32.4375
2007-08-30,124.541666666667
2007-08-31,225.458333333333
2007-09-01,254.104166666667
2007-09-02,494.333333333333
2007-09-03,496.25
2007-09-04,491.791666666667
2007-09-05,303.708333333333
2007-09-06,155.625
2007-09-07,132.333333333333
2007-09-08,NA
2007-09-09,109.604166666667
2007-09-10,109.833333333333
2007-09-11,115.125
2007-09-12,150.083333333333
2007-09-13,73.875
2007-09-14,39.375
2007-09-15,36.6458333333333
2007-09-16,33.5625
2007-09-17,27.0833333333333
2007-09-18,21.9791666666667
2007-09-19,27.9166666666667
2007-09-20,35.625
2007-09-21,105.729166666667
2007-09-22,176.333333333333
2007-09-23,291.041666666667
2007-09-24,314
2007-09-25,297.979166666667
2007-09-26,294.583333333333
2007-09-27,211.208333333333
2007-09-28,154.5625
2007-09-29,137.75
2007-09-30,129.541666666667
2007-10-01,115.625
2007-10-02,115
2007-10-03,NA
2007-10-04,NA
2007-10-05,NA
2007-10-06,NA
2007-10-07,NA
2007-10-08,NA
2007-10-09,NA
2007-10-10,204.791666666667
2007-10-11,194.458333333333
2007-10-12,162.520833333333
2007-10-13,173.333333333333
2007-10-14,183.125
2007-10-15,181
2007-10-16,188.208333333333
2007-10-17,180.6875
2007-10-18,152.458333333333
2007-10-19,184.895833333333
2007-10-20,192.5625
2007-10-21,183.020833333333
2007-10-22,194.020833333333
2007-10-23,178.145833333333
2007-10-24,151.645833333333
2007-10-25,141.5
2007-10-26,110.145833333333
2007-10-27,118.458333333333
2007-10-28,117.125
2007-10-29,117.416666666667
2007-10-30,99.125
2007-10-31,132.270833333333
2007-11-01,326.4375
2007-11-02,NA
2007-11-03,NA
2007-11-04,NA
2007-11-05,473.666666666667
2007-11-06,NA
2007-11-07,606.3125
2007-11-08,643.729166666667
2007-11-09,721.5
2007-11-10,787.833333333333
2007-11-11,841.333333333333
2007-11-12,889.604166666667
2007-11-13,946.583333333333
2007-11-14,NA
2007-11-15,1029.58333333333
2007-11-16,1061.45833333333
2007-11-17,1109.375
2007-11-18,1123.95833333333
2007-11-19,NA
2007-11-20,NA
2007-11-21,1200
2007-11-22,1258.54166666667
2007-11-23,1274.16666666667
2007-11-24,1297.29166666667
2007-11-25,NA
2007-11-26,NA
2007-11-27,NA
2007-11-28,NA
2007-11-29,NA
2007-11-30,NA
2007-12-01,NA
2007-12-02,NA
2007-12-03,NA
2007-12-04,NA
2007-12-05,NA
2007-12-06,NA
2007-12-07,NA
2007-12-08,NA
2007-12-09,NA
2007-12-10,NA
2007-12-11,NA
2007-12-12,NA
2007-12-13,NA
2007-12-14,NA
2007-12-15,NA
2007-12-16,NA
2007-12-17,NA
2007-12-18,NA
2007-12-19,NA
2007-12-20,NA
2007-12-21,NA
2007-12-22,NA
2007-12-23,NA
2007-12-24,NA
2007-12-25,NA
2007-12-26,NA
2007-12-27,NA
2007-12-28,NA
2008-01-01,NA
2008-01-02,NA
2008-01-03,NA
2008-01-04,NA
2008-01-05,NA
2008-01-06,NA
2008-01-07,NA
2008-01-08,NA
2008-01-09,NA
2008-01-10,NA
2008-01-11,NA
2008-01-12,NA
2008-01-13,NA
2008-01-14,NA
2008-01-15,NA
2008-01-16,NA
2008-01-17,NA
2008-01-18,NA
2008-01-19,NA
2008-01-20,NA
2008-01-21,NA
2008-01-22,NA
2008-01-23,NA
2008-01-24,NA
2008-01-25,NA
2008-01-26,NA
2008-01-27,NA
2008-01-28,NA
2008-01-29,NA
2008-01-30,NA
2008-01-31,NA
2008-02-01,NA
2008-02-02,NA
2008-02-03,NA
2008-02-04,NA
2008-02-05,NA
2008-02-06,NA
2008-02-07,NA
2008-02-08,NA
2008-02-09,805.458333333333
2008-02-10,803.979166666667
2008-02-11,812.604166666667
2008-02-12,816.729166666667
2008-02-13,809.0625
2008-02-14,NA
2008-02-15,918.8125
2008-02-16,NA
2008-02-17,NA
2008-02-18,960.208333333333
2008-02-19,960.145833333333
2008-02-20,NA
2008-02-21,NA
2008-02-22,NA
2008-02-23,941.395833333333
2008-02-24,NA
2008-02-25,948.895833333333
2008-02-26,724.229166666667
2008-02-27,902
2008-02-28,1007.97916666667
2008-02-29,1156.25
2008-03-01,1189.79166666667
2008-03-02,1034.60416666667
2008-03-03,1169.16666666667
2008-03-04,1214.58333333333
2008-03-05,1137.5
2008-03-06,1356.66666666667
2008-03-07,1296.25
2008-03-08,1224.375
2008-03-09,NA
2008-03-10,1029.22916666667
2008-03-11,868.666666666667
2008-03-12,982.958333333333
2008-03-13,1135.20833333333
2008-03-14,1230
2008-03-15,1294.16666666667
2008-03-16,1368.125
2008-03-17,1436.04166666667
2008-03-18,NA
2008-03-19,1446.45833333333
2008-03-20,1468.54166666667
2008-03-21,1383.75
2008-03-22,1371.25
2008-03-23,1377.08333333333
2008-03-24,1240.41666666667
2008-03-25,1313.95833333333
2008-03-26,NA
2008-03-27,1532.08333333333
2008-03-28,1628.33333333333
2008-03-29,NA
2008-03-30,NA
2008-03-31,1996.04166666667
2008-04-01,NA
2008-04-02,2128.125
2008-04-03,2117.5
2008-04-04,1917.91666666667
2008-04-05,1796.45833333333
2008-04-06,1859.375
2008-04-07,1835.41666666667
2008-04-08,1726.25
2008-04-09,2176.04166666667
2008-04-10,2451.45833333333
2008-04-11,2663.33333333333
2008-04-12,2401.875
2008-04-13,2218.33333333333
2008-04-14,2098.125
2008-04-15,NA
2008-04-16,1798.54166666667
2008-04-17,1661.25
2008-04-18,1583.75
2008-04-19,1654.375
2008-04-20,1870.83333333333
2008-04-21,1939.58333333333
2008-04-22,1800.625
2008-04-23,1657.91666666667
2008-04-24,1638.54166666667
2008-04-25,1735.20833333333
2008-04-26,2007.08333333333
2008-04-27,2317.29166666667
2008-04-28,2485.625
2008-04-29,2197.08333333333
2008-04-30,2122.5
2008-05-01,1980.625
2008-05-02,1923.95833333333
2008-05-03,1831.25
2008-05-04,1796.04166666667
2008-05-05,1937.08333333333
2008-05-06,2008.95833333333
2008-05-07,2074.58333333333
2008-05-08,1982.29166666667
2008-05-09,1921.66666666667
2008-05-10,2088.75
2008-05-11,2180.625
2008-05-12,2231.04166666667
2008-05-13,2199.375
2008-05-14,NA
2008-05-15,NA
2008-05-16,3622.70833333333
2008-05-17,3479.58333333333
2008-05-18,3504.58333333333
2008-05-19,NA
2008-05-20,NA
2008-05-21,2320.625
2008-05-22,NA
2008-05-23,2869.375
2008-05-24,4026.04166666667
2008-05-25,5090.625
2008-05-26,5779.58333333333
2008-05-27,5900
2008-05-28,5275.83333333333
2008-05-29,3794.58333333333
2008-05-30,2912.29166666667
2008-05-31,2816.45833333333
2008-06-01,NA
2008-06-02,3570.41666666667
2008-06-03,3705.20833333333
2008-06-04,3669.16666666667
2008-06-05,3662.29166666667
2008-06-06,3584.16666666667
2008-06-07,3576.25
2008-06-08,3531.45833333333
2008-06-09,3720.41666666667
2008-06-10,3853.95833333333
2008-06-11,4110.20833333333
2008-06-12,3615.83333333333
2008-06-13,2218.33333333333
2008-06-14,NA
2008-06-15,2058.54166666667
2008-06-16,NA
2008-06-17,1977.70833333333
2008-06-18,1937.08333333333
2008-06-19,1635.20833333333
2008-06-20,1492.29166666667
2008-06-21,NA
2008-06-22,1490.625
2008-06-23,1583.125
2008-06-24,1566.45833333333
2008-06-25,1467.70833333333
2008-06-26,NA
2008-06-27,1162.29166666667
2008-06-28,NA
2008-06-29,1130
2008-06-30,1130
2008-07-01,1159.58333333333
2008-07-02,NA
2008-07-03,NA
2008-07-04,1263.33333333333
2008-07-05,NA
2008-07-06,NA
2008-07-07,631.4375
2008-07-08,NA
2008-07-09,665.958333333333
2008-07-10,603.791666666667
2008-07-11,703.354166666667
2008-07-12,688.354166666667
2008-07-13,886.729166666667
2008-07-14,876.979166666667
2008-07-15,1138.29166666667
2008-07-16,NA
2008-07-17,669.125
2008-07-18,599.416666666667
2008-07-19,797.6875
2008-07-20,968.75
2008-07-21,930.125
2008-07-22,NA
2008-07-23,1869.95833333333
2008-07-24,1277.70833333333
2008-07-25,NA
2008-07-26,NA
2008-07-27,NA
2008-07-28,NA
2008-07-29,540.229166666667
2008-07-30,428.583333333333
2008-07-31,479.041666666667
2008-08-01,NA
2008-08-02,NA
2008-08-03,NA
2008-08-04,NA
2008-08-05,555.8125
2008-08-06,644.604166666667
2008-08-07,806.6875
2008-08-08,837.208333333333
2008-08-09,677.229166666667
2008-08-10,809.375
2008-08-11,676.5
2008-08-12,496.166666666667
2008-08-13,482.9375
2008-08-14,481.854166666667
2008-08-15,416
2008-08-16,431.854166666667
2008-08-17,526.625
2008-08-18,734.166666666667
2008-08-19,714.5625
2008-08-20,741.854166666667
2008-08-21,854.75
2008-08-22,786.875
2008-08-23,779
2008-08-24,779
2008-08-25,444.3125
2008-08-26,170.1875
2008-08-27,166.833333333333
2008-08-28,144.708333333333
2008-08-29,137.041666666667
2008-08-30,143.791666666667
2008-08-31,227.479166666667
2008-09-01,382.583333333333
2008-09-02,419.833333333333
2008-09-03,704.708333333333
2008-09-04,531.25
2008-09-05,NA
2008-09-06,NA
2008-09-07,NA
2008-09-08,NA
2008-09-09,NA
2008-09-10,228.979166666667
2008-09-11,NA
2008-09-12,NA
2008-09-13,NA
2008-09-14,NA
2008-09-15,NA
2008-09-16,NA
2008-09-17,NA
2008-09-18,NA
2008-09-19,NA
2008-09-20,NA
2008-09-21,NA
2008-09-22,NA
2008-09-23,NA
2008-09-24,162.375
2008-09-25,135.375
2008-09-26,NA
2008-09-27,NA
2008-09-28,NA
2008-09-29,NA
2008-09-30,NA
2008-10-01,126.791666666667
2008-10-02,126.5
2008-10-03,120.770833333333
2008-10-04,125.395833333333
2008-10-05,138.6875
2008-10-06,587.125
2008-10-07,791.333333333333
2008-10-08,585.458333333333
2008-10-09,472.479166666667
2008-10-10,410.958333333333
2008-10-11,370.541666666667
2008-10-12,NA
2008-10-13,NA
2008-10-14,NA
2008-10-15,526.208333333333
2008-10-16,550.625
2008-10-17,435.916666666667
2008-10-18,424.125
2008-10-19,427.479166666667
2008-10-20,414.083333333333
2008-10-21,412.75
2008-10-22,438.604166666667
2008-10-23,477.041666666667
2008-10-24,461.125
2008-10-25,412.958333333333
2008-10-26,NA
2008-10-27,356.479166666667
2008-10-28,328.125
2008-10-29,240.125
2008-10-30,207.541666666667
2008-10-31,252.541666666667
2008-11-01,430.645833333333
2008-11-02,586.354166666667
2008-11-03,602.854166666667
2008-11-04,NA
2008-11-05,NA
2008-11-06,562.895833333333
2008-11-07,553.125
2008-11-08,559.270833333333
2008-11-09,NA
2008-11-10,NA
2008-11-11,506.291666666667
2008-11-12,499.0625
2008-11-13,466.604166666667
2008-11-14,470.208333333333
2008-11-15,507.145833333333
2008-11-16,613.5625
2008-11-17,624.9375
2008-11-18,606.729166666667
2008-11-19,598.666666666667
2008-11-20,NA
2008-11-21,NA
2008-11-22,NA
2008-11-23,NA
2008-11-24,NA
2008-11-25,NA
2008-11-26,NA
2008-11-27,787.395833333333
2008-11-28,849
2008-11-29,900.354166666667
2008-11-30,875.75
2008-12-01,864.6875
2008-12-02,871.395833333333
2008-12-03,859.729166666667
2008-12-04,836.3125
2008-12-05,811.5625
2008-12-06,793.458333333333
2008-12-07,803.104166666667
2008-12-08,802.291666666667
2008-12-09,816.8125
2008-12-10,808.5
2008-12-11,791.208333333333
2008-12-12,794.958333333333
2008-12-13,789.166666666667
2008-12-14,789.916666666667
2008-12-15,785.854166666667
2008-12-16,797.958333333333
2008-12-17,802.5625
2008-12-18,889.9375
2008-12-19,934.625
2008-12-20,995.229166666667
2008-12-21,1003.83333333333
2008-12-22,987.770833333333
2008-12-23,992.229166666667
2008-12-24,983.583333333333
2008-12-25,988.979166666667
2008-12-26,984.645833333333
2008-12-27,951.6875
2008-12-28,955.145833333333
2008-12-29,930.520833333333
2008-12-30,936.270833333333
2008-12-31,942.90625
2009-05-28,3203.82352941176
2009-05-29,3027.70833333333
2009-05-30,2785
2009-05-31,NA
2009-06-01,NA
2009-06-02,682.875
2009-06-03,1005.95833333333
2009-06-04,1505
2009-06-05,1642.08333333333
2009-06-06,1796.04166666667
2009-06-07,1800
2009-06-08,1685.625
2009-06-09,1551.875
2009-06-10,1384.16666666667
2009-06-11,1521.25
2009-06-12,1486.875
2009-06-13,1516.875
2009-06-14,1134.35416666667
2009-06-15,923.604166666667
2009-06-16,917.958333333333
2009-06-17,830.375
2009-06-18,741.6875
2009-06-19,1002.75
2009-06-20,918.9375
2009-06-21,742.729166666667
2009-06-22,NA
2009-06-23,551.9375
2009-06-24,457.333333333333
2009-06-25,474.291666666667
2009-06-26,339.9375
2009-06-27,292.4375
2009-06-28,490.6875
2009-06-29,598.6875
2009-06-30,573.270833333333
2009-07-01,790.645833333333
2009-07-02,974.0625
2009-07-03,1070.625
2009-07-04,1003.14583333333
2009-07-05,921.729166666667
2009-07-06,810.229166666667
2009-07-07,602.458333333333
2009-07-08,519.708333333333
2009-07-09,397.75
2009-07-10,379.5
2009-07-11,291.104166666667
2009-07-12,203.854166666667
2009-07-13,152.541666666667
2009-07-14,136.479166666667
2009-07-15,NA
2009-07-16,78.25
2009-07-17,94.4583333333333
2009-07-18,86.3125
2009-07-19,77.0208333333333
2009-07-20,72.9166666666667
2009-07-21,72.4791666666667
2009-07-22,72.9583333333333
2009-07-23,NA
2009-07-24,222.833333333333
2009-07-25,188.333333333333
2009-07-26,173.270833333333
2009-07-27,242.416666666667
2009-07-28,139.583333333333
2009-07-29,NA
2009-07-30,146.25
2009-07-31,183.5
2009-08-01,168
2009-08-02,125.229166666667
2009-08-03,154.104166666667
2009-08-04,NA
2009-08-05,NA
2009-08-06,59.75
2009-08-07,82
2009-08-08,41.6458333333333
2009-08-09,42.4375
2009-08-10,58.4375
2009-08-11,57.1666666666667
2009-08-12,57.1041666666667
2009-08-13,57.3125
2009-08-14,57.6875
2009-08-15,NA
2009-08-16,NA
2009-08-17,227.395833333333
2009-08-18,165.145833333333
2009-08-19,143
2009-08-20,115.4375
2009-08-21,NA
2009-08-22,NA
2009-08-23,53.6041666666667
2009-08-24,162.145833333333
2009-08-25,166.854166666667
2009-08-26,311.604166666667
2009-08-27,322.354166666667
2009-08-28,256.416666666667
2009-08-29,206
2009-08-30,166.791666666667
2009-08-31,138.541666666667
2009-09-01,74.4166666666667
2009-09-02,56.2291666666667
2009-09-03,56.8333333333333
2009-09-04,56.5
2009-09-05,80.9583333333333
2009-09-06,94.9166666666667
2009-09-07,70.8333333333333
2009-09-08,157.895833333333
2009-09-09,155.4375
2009-09-10,114.270833333333
2009-09-11,129.375
2009-09-12,201.395833333333
2009-09-13,330.333333333333
2009-09-14,358.979166666667
2009-09-15,345.729166666667
2009-09-16,270.416666666667
2009-09-17,NA
2009-09-18,810.729166666667
2009-09-19,532.520833333333
2009-09-20,271.604166666667
2009-09-21,166.270833333333
2009-09-22,449.479166666667
2009-09-23,NA
2009-09-24,701.5
2009-09-25,735.041666666667
2009-09-26,718.708333333333
2009-09-27,739.520833333333
2009-09-28,NA
2009-09-29,NA
2009-09-30,NA
2009-10-01,NA
2009-10-02,133.395833333333
2009-10-03,131.375
2009-10-04,144.041666666667
2009-10-05,146.25
2009-10-06,123.958333333333
2009-10-07,187.75
2009-10-08,125.791666666667
2009-10-09,127.291666666667
2009-10-10,130.729166666667
2009-10-11,150.770833333333
2009-10-12,171.708333333333
2009-10-13,172.958333333333
2009-10-14,173.291666666667
2009-10-15,137.333333333333
2009-10-16,123.9375
2009-10-17,NA
2009-10-18,132.375
2009-10-19,86.5416666666667
2009-10-20,100.083333333333
2009-10-21,233.3125
2009-10-22,338.020833333333
2009-10-23,194.895833333333
2009-10-24,182.916666666667
2009-10-25,167.6875
2009-10-26,163.166666666667
2009-10-27,173.916666666667
2009-10-28,161.479166666667
2009-10-29,169.666666666667
2009-10-30,169.958333333333
2009-10-31,201.125
2009-11-01,299.5
2009-11-02,284.625
2009-11-03,241.020833333333
2009-11-04,242.4375
2009-11-05,256.979166666667
2009-11-06,293.354166666667
2009-11-07,345.041666666667
2009-11-08,385.333333333333
2009-11-09,321.416666666667
2009-11-10,321.666666666667
2009-11-11,324.895833333333
2009-11-12,325.6875
2009-11-13,345.541666666667
2009-11-14,354.041666666667
2009-11-15,357.583333333333
2009-11-16,353.666666666667
2009-11-17,NA
2009-11-18,NA
2009-11-19,NA
2009-11-20,NA
2009-11-21,NA
2009-11-22,NA
2009-11-23,NA
2009-11-24,NA
2009-11-25,NA
2009-11-26,NA
2009-11-27,NA
2009-11-28,NA
2009-11-29,NA
2009-11-30,NA
2009-12-01,NA
2009-12-02,641.75
2009-12-03,607.270833333333
2009-12-04,581.75
2009-12-05,585.020833333333
2009-12-06,579.5625
2009-12-07,655.645833333333
2009-12-08,772.291666666667
2009-12-09,680
2009-12-10,654.958333333333
2009-12-11,745.5625
2009-12-12,778.145833333333
2009-12-13,787.104166666667
2009-12-14,825.25
2009-12-15,838.270833333333
2009-12-16,842.833333333333
2009-12-17,748.5625
2009-12-18,691.229166666667
2009-12-19,744.25
2009-12-20,771.8125
2009-12-21,NA
2009-12-22,697.520833333333
2009-12-23,NA
2009-12-24,NA
2009-12-25,718.8125
2009-12-26,668.583333333333
2009-12-27,NA
2009-12-28,NA
2009-12-29,NA
2009-12-30,NA
2009-12-31,NA
2010-07-16,101.444444444444
2010-07-17,86.1458333333333
2010-07-18,80.2916666666667
2010-07-19,73.9791666666667
2010-07-20,NA
2010-07-21,75.9791666666667
2010-07-22,NA
2010-07-23,NA
2010-07-24,196.458333333333
2010-07-25,419.666666666667
2010-07-26,NA
2010-07-27,NA
2010-07-28,NA
2010-07-29,NA
2010-07-30,842.854166666667
2010-07-31,759.416666666667
2010-08-01,954.0625
2010-08-02,NA
2010-08-03,NA
2010-08-04,NA
2010-08-05,NA
2010-08-06,NA
2010-08-07,NA
2010-08-08,NA
2010-08-09,NA
2010-08-10,NA
2010-08-11,NA
2010-08-12,NA
2010-08-13,NA
2010-08-14,NA
2010-08-15,NA
2010-08-16,NA
2010-08-17,NA
2010-08-18,NA
2010-08-19,NA
2010-08-20,NA
2010-08-21,NA
2010-08-22,NA
2010-08-23,NA
2010-08-24,NA
2010-08-25,NA
2010-08-26,NA
2010-08-27,NA
2010-08-28,NA
2010-08-29,NA
2010-08-30,NA
2010-08-31,NA
2010-09-01,NA
2010-09-02,NA
2010-09-03,60.7708333333333
2010-09-04,57.0833333333333
2010-09-05,49.9375
2010-09-06,42.3958333333333
2010-09-07,33.8541666666667
2010-09-08,31.0833333333333
2010-09-09,31.375
2010-09-10,NA
2010-09-11,NA
2010-09-12,NA
2010-09-13,NA
2010-09-14,NA
2010-09-15,NA
2010-09-16,NA
2010-09-17,NA
2010-09-18,NA
2010-09-19,NA
2010-09-20,NA
2010-09-21,NA
2010-09-22,NA
2010-09-23,NA
2010-09-24,NA
2010-09-25,NA
2010-09-26,NA
2010-09-27,NA
2010-09-28,NA
2010-09-29,NA
2010-09-30,NA
2010-10-01,NA
2010-10-02,NA
2010-10-03,NA
2010-10-04,NA
2010-10-05,NA
2010-10-06,NA
2010-10-07,NA
2010-10-08,NA
2010-10-09,NA
2010-10-10,NA
2010-10-11,NA
2010-10-12,NA
2010-10-13,NA
2010-10-14,NA
2010-10-15,NA
2010-10-16,NA
2010-10-17,NA
2010-10-18,NA
2010-10-19,51.2083333333333
2010-10-20,50.7916666666667
2010-10-21,109.270833333333
2010-10-22,102.708333333333
2010-10-23,93.6666666666667
2010-10-24,295.479166666667
2010-10-25,291.395833333333
2010-10-26,180.020833333333
2010-10-27,NA
2010-10-28,NA
2010-10-29,NA
2010-10-30,NA
2010-10-31,NA
2010-11-01,NA
2010-11-02,NA
2010-11-03,NA
2010-11-04,NA
2010-11-05,NA
2010-11-06,440.75
2010-11-07,452.3125
2010-11-08,440.291666666667
2010-11-09,437.875
2010-11-10,NA
2010-11-11,NA
2010-11-12,NA
2010-11-13,NA
2010-11-14,556.625
2010-11-15,544.270833333333
2010-11-16,NA
2010-11-17,NA
2010-11-18,NA
2010-11-19,583.541666666667
2010-11-20,NA
2010-11-21,580.041666666667
2010-11-22,NA
2010-11-23,574.416666666667
2010-11-24,565.895833333333
2010-11-25,NA
2010-11-26,580.208333333333
2010-11-27,589.4375
2010-11-28,NA
2010-11-29,NA
2010-11-30,541.666666666667
2010-12-01,533.875
2010-12-02,NA
2010-12-03,NA
2010-12-04,510.395833333333
2010-12-05,NA
2010-12-06,501.333333333333
2010-12-07,501.5
2010-12-08,496.270833333333
2010-12-09,537.041666666667
2010-12-10,558.145833333333
2010-12-11,563.979166666667
2010-12-12,562.145833333333
2010-12-13,566.5
2010-12-14,572.083333333333
2010-12-15,596.208333333333
2010-12-16,704.833333333333
2010-12-17,826.708333333333
2010-12-18,1165.79166666667
2010-12-19,945.479166666667
2010-12-20,916.083333333333
2010-12-21,927.125
2010-12-22,926.083333333333
2010-12-23,901.895833333333
2010-12-24,805.833333333333
2010-12-25,745.625
2010-12-26,678.25
2010-12-27,666.166666666667
2010-12-28,664.25
2010-12-29,660
2011-07-09,25.1
2011-07-10,25.4375
2011-07-11,25.75
2011-07-12,26.3958333333333
2011-07-13,26.0625
2011-07-14,26.0625
2011-07-15,25.9166666666667
2011-07-16,26.1458333333333
2011-07-17,26.5833333333333
2011-07-18,28.4166666666667
2011-07-19,26.6458333333333
2011-07-20,26.125
2011-07-21,NA
2011-07-22,NA
2011-07-23,NA
2011-07-24,NA
2011-07-25,NA
2011-07-26,47.0416666666667
2011-07-27,291.854166666667
2011-07-28,224.9375
2011-07-29,214.5
2011-07-30,359.958333333333
2011-07-31,179.520833333333
2011-08-01,634.541666666667
2011-08-02,512.791666666667
2011-08-03,299.75
2011-08-04,218.166666666667
2011-08-05,117.041666666667
2011-08-06,NA
2011-08-07,NA
2011-08-08,NA
2011-08-09,50.7083333333333
2011-08-10,25.1458333333333
2011-08-11,8
2011-08-12,8
2011-08-13,8.04166666666667
2011-08-14,8.02083333333333
2011-08-15,8
2011-08-16,8
2011-08-17,9.9375
2011-08-18,139.354166666667
2011-08-19,96
2011-08-20,239.9375
2011-08-21,199.604166666667
2011-08-22,244.958333333333
2011-08-23,297.1875
2011-08-24,347.583333333333
2011-08-25,442.791666666667
2011-08-26,566.9375
2011-08-27,602.1875
2011-08-28,600.166666666667
2011-08-29,240.270833333333
2011-08-30,NA
2011-08-31,NA
2011-09-01,NA
2011-09-02,NA
2011-09-03,133.041666666667
2011-09-04,49.4166666666667
2011-09-05,131.791666666667
2011-09-06,29.2083333333333
2011-09-07,102.645833333333
2011-09-08,596.208333333333
2011-09-09,196.5
2011-09-10,222.458333333333
2011-09-11,361.854166666667
2011-09-12,116.604166666667
2011-09-13,59.3541666666667
2011-09-14,121.4375
2011-09-15,632.729166666667
2011-09-16,351.0625
2011-09-17,NA
2011-09-18,2010
2011-09-19,1149.60416666667
2011-09-20,186.229166666667
2011-09-21,112.6875
2011-09-22,98.125
2011-09-23,44.4375
2011-09-24,58.125
2011-09-25,50.75
2011-09-26,56.7708333333333
2011-09-27,35.1458333333333
2011-09-28,30.5
2011-09-29,30.6458333333333
2011-09-30,30.5
2011-10-01,30.4791666666667
2011-10-02,30.6875
2011-10-03,23.0416666666667
2011-10-04,17.6666666666667
2011-10-05,345.958333333333
2011-10-06,106.9375
2011-10-07,185.375
2011-10-08,345.520833333333
2011-10-09,225.833333333333
2011-10-10,286.541666666667
2011-10-11,228.125
2011-10-12,184.333333333333
2011-10-13,159.166666666667
2011-10-14,109.270833333333
2011-10-15,153.9375
2011-10-16,153.625
2011-10-17,176.458333333333
2011-10-18,118.791666666667
2011-10-19,89.1458333333333
2011-10-20,86.7916666666667
2011-10-21,59.7708333333333
2011-10-22,68.3958333333333
2011-10-23,52.4375
2011-10-24,67.3333333333333
2011-10-25,64.4166666666667
2011-10-26,61
2011-10-27,51.0625
2011-10-28,50.8125
2011-10-29,67.3333333333333
2011-10-30,111.208333333333
2011-10-31,NA
2011-11-01,440.0625
2011-11-02,485.145833333333
2011-11-03,511.520833333333
2011-11-04,538.541666666667
2011-11-05,553.895833333333
2011-11-06,589.958333333333
2011-11-07,649.375
2011-11-08,735.895833333333
2011-11-09,761.604166666667
2011-11-10,NA
2011-11-11,NA
2011-11-12,NA
2011-11-13,781.020833333333
2011-11-14,762.625
2011-11-15,864.520833333333
2011-11-16,975.104166666667
2011-11-17,991.041666666667
2011-11-18,946.75
2011-11-19,853.229166666667
2011-11-20,910.125
2011-11-21,942.916666666667
2011-11-22,975.583333333333
2011-11-23,1175.20833333333
2011-11-24,1266.66666666667
2011-11-25,1327.08333333333
2011-11-26,1316.875
2011-11-27,1381.66666666667
2011-11-28,1356.66666666667
2011-11-29,1375.41666666667
2011-11-30,1329.375
2011-12-01,NA
2011-12-02,1086.875
2011-12-03,997.854166666667
2011-12-04,988.6875
2011-12-05,1000.66666666667
2011-12-06,1010.02083333333
2011-12-07,995.1875
2011-12-08,981.0625
2011-12-09,882.375
2011-12-10,874.041666666667
2011-12-11,831.770833333333
2011-12-12,819.291666666667
2011-12-13,908.875
2011-12-14,870.125
2011-12-15,1016.1875
2011-12-16,NA
2011-12-17,803.583333333333
2011-12-18,1007.60416666667
2011-12-19,1228.95833333333
2011-12-20,883
2011-12-21,947.375
2011-12-22,872.395833333333
2011-12-23,890.541666666667
2011-12-24,966.75
2011-12-25,931.104166666667
2011-12-26,922.729166666667
2011-12-27,914.5625
2011-12-28,948.291666666667
2011-12-29,968.4375
2011-12-30,761.583333333333
2011-12-31,821.9375
2012-06-02,195.304347826087
2012-06-03,190.604166666667
2012-06-04,186.291666666667
2012-06-05,177.833333333333
2012-06-06,185.75
2012-06-07,NA
2012-06-08,201.375
2012-06-09,201.270833333333
2012-06-10,NA
2012-06-11,194.604166666667
2012-06-12,196.979166666667
2012-06-13,190.729166666667
2012-06-14,176.6875
2012-06-15,161.875
2012-06-16,148.854166666667
2012-06-17,135.916666666667
2012-06-18,142.625
2012-06-19,120.875
2012-06-20,101.583333333333
2012-06-21,90.3125
2012-06-22,80.8958333333333
2012-06-23,71.5208333333333
2012-06-24,68.5
2012-06-25,69.1875
2012-06-26,61.25
2012-06-27,54.5208333333333
2012-06-28,54.0416666666667
2012-06-29,45.75
2012-06-30,31.875
2012-07-01,28.0625
2012-07-02,34.1666666666667
2012-07-03,34.0416666666667
2012-07-04,35.0208333333333
2012-07-05,35.9166666666667
2012-07-06,39.1458333333333
2012-07-07,37.5833333333333
2012-07-08,116.854166666667
2012-07-09,290.416666666667
2012-07-10,314.104166666667
2012-07-11,128.145833333333
2012-07-12,287.416666666667
2012-07-13,335.5
2012-07-14,305.958333333333
2012-07-15,259.541666666667
2012-07-16,124.479166666667
2012-07-17,77.6041666666667
2012-07-18,62.4166666666667
2012-07-19,44.7083333333333
2012-07-20,34.0208333333333
2012-07-21,23.0416666666667
2012-07-22,18.0416666666667
2012-07-23,13.7708333333333
2012-07-24,8.04166666666667
2012-07-25,8
2012-07-26,8.08333333333333
2012-07-27,7.875
2012-07-28,6.5625
2012-07-29,6.16666666666667
2012-07-30,31.4791666666667
2012-07-31,14.6666666666667
2012-08-01,14.2916666666667
2012-08-02,13.9166666666667
2012-08-03,9.97916666666667
2012-08-04,5.22916666666667
2012-08-05,5.20833333333333
2012-08-06,5
2012-08-07,NA
2012-08-08,NA
2012-08-09,NA
2012-08-10,4.89583333333333
2012-08-11,5
2012-08-12,4.97916666666667
2012-08-13,4.8125
2012-08-14,4.875
2012-08-15,5
2012-08-16,4.83333333333333
2012-08-17,4.9375
2012-08-18,4.72916666666667
2012-08-19,5.08333333333333
2012-08-20,12.2916666666667
2012-08-21,37.5833333333333
2012-08-22,13.6041666666667
2012-08-23,38.3125
2012-08-24,51.8958333333333
2012-08-25,42.5625
2012-08-26,88.9583333333333
2012-08-27,28
2012-08-28,32.5
2012-08-29,32.0416666666667
2012-08-30,32.5833333333333
2012-08-31,26.1041666666667
2012-09-01,18.5625
2012-09-02,18.5625
2012-09-03,18
2012-09-04,18.4583333333333
2012-09-05,14
2012-09-06,6.5
2012-09-07,5.3125
2012-09-08,4.97916666666667
2012-09-09,5
2012-09-10,5.0625
2012-09-11,5.66666666666667
2012-09-12,NA
2012-09-13,NA
2012-09-14,85.8125
2012-09-15,129.354166666667
2012-09-16,23.3541666666667
2012-09-17,8.5
2012-09-18,8.64583333333333
2012-09-19,8.47916666666667
2012-09-20,8.58333333333333
2012-09-21,8.6875
2012-09-22,9.25
2012-09-23,9.70833333333333
2012-09-24,7.8125
2012-09-25,6.9375
2012-09-26,6.83333333333333
2012-09-27,6.95833333333333
2012-09-28,7.04166666666667
2012-09-29,7.08333333333333
2012-09-30,7.45833333333333
2012-10-01,NA
2012-10-02,8.4375
2012-10-03,8.1875
2012-10-04,8.35416666666667
2012-10-05,8.02083333333333
2012-10-06,8.41666666666667
2012-10-07,8.625
2012-10-08,8.60416666666667
2012-10-09,9.91666666666667
2012-10-10,8.22916666666667
2012-10-11,8.29166666666667
2012-10-12,8.77083333333333
2012-10-13,8.9375
2012-10-14,8.89583333333333
2012-10-15,46
2012-10-16,7.85416666666667
2012-10-17,7.89583333333333
2012-10-18,7.95833333333333
2012-10-19,8.75
2012-10-20,13.0208333333333
2012-10-21,12.3333333333333
2012-10-22,16.4583333333333
2012-10-23,19.5416666666667
2012-10-24,19.8125
2012-10-25,19.3541666666667
2012-10-26,19.2916666666667
2012-10-27,19.3333333333333
2012-10-28,18.6666666666667
2012-10-29,18.8958333333333
2012-10-30,22.2708333333333
2012-10-31,57.7291666666667
2012-11-01,106.333333333333
2012-11-02,71.1041666666667
2012-11-03,78.8333333333333
2012-11-04,99.5208333333333
2012-11-05,112.916666666667
2012-11-06,134.645833333333
2012-11-07,163.229166666667
2012-11-08,184.625
2012-11-09,217.25
2012-11-10,249.3125
2012-11-11,260
2012-11-12,262.833333333333
2012-11-13,273.229166666667
2012-11-14,298.125
2012-11-15,302.604166666667
2012-11-16,314.583333333333
2012-11-17,329
2012-11-18,347.708333333333
2012-11-19,NA
2012-11-20,NA
2012-11-21,NA
2012-11-22,NA
2012-11-23,NA
2012-11-24,NA
2012-11-25,NA
2012-11-26,NA
2012-11-27,NA
2012-11-28,NA
2012-11-29,NA
2012-11-30,697.208333333333
2012-12-01,NA
2012-12-02,NA
2012-12-03,NA
2012-12-04,NA
2012-12-05,NA
2012-12-06,NA
2012-12-07,NA
2012-12-08,NA
2012-12-09,NA
2012-12-10,NA
2012-12-11,NA
2012-12-12,NA
2012-12-13,NA
2012-12-14,NA
2012-12-15,NA
2012-12-16,804.5625
2012-12-17,NA
2012-12-18,NA
2012-12-19,NA
2012-12-20,NA
2012-12-21,NA
2012-12-22,NA
2012-12-23,NA
2012-12-24,NA
2012-12-25,NA
2012-12-26,NA
2012-12-27,NA
2012-12-28,NA
2012-12-29,NA
2012-12-30,NA
2012-12-31,NA
2013-09-03,19.0975609756098
2013-09-04,22.8333333333333
2013-09-05,12.3125
2013-09-06,17.1666666666667
2013-09-07,16.8958333333333
2013-09-08,17.0833333333333
2013-09-09,25.3333333333333
2013-09-10,636.5625
2013-09-11,687.895833333333
2013-09-12,203.770833333333
2013-09-13,1904.20833333333
2013-09-14,3005.1875
2013-09-15,4470.625
2013-09-16,8327.91666666667
2013-09-17,6437.29166666667
2013-09-18,4592.91666666667
2013-09-19,2288.75
2013-09-20,1146.66666666667
2013-09-21,1617.91666666667
2013-09-22,1201.72916666667
2013-09-23,899.5625
2013-09-24,1061.0625
2013-09-25,1614.16666666667
2013-09-26,1486.89583333333
2013-09-27,1081.5
2013-09-28,904.75
2013-09-29,809.979166666667
2013-09-30,800.3125
2013-10-01,696.479166666667
2013-10-02,639.083333333333
2013-10-03,629.520833333333
2013-10-04,611.166666666667
2013-10-05,595.291666666667
2013-10-06,583.25
2013-10-07,284.104166666667
2013-10-08,285.479166666667
2013-10-09,247.916666666667
2013-10-10,240.1875
2013-10-11,250.729166666667
2013-10-12,300.416666666667
2013-10-13,489.520833333333
2013-10-14,300.208333333333
2013-10-15,251.479166666667
2013-10-16,228.6875
2013-10-17,309.083333333333
2013-10-18,950.416666666667
2013-10-19,1014.33333333333
2013-10-20,1329.375
2013-10-21,1536.04166666667
2013-10-22,1628.95833333333
2013-10-23,1974.16666666667
2013-10-24,1453.75
2013-10-25,1013.91666666667
2013-10-26,752.104166666667
2013-10-27,687.645833333333
2013-10-28,625.625
2013-10-29,407
2013-10-30,383.3125
2013-10-31,398.958333333333
2013-11-01,516
2013-11-02,552.854166666667
2013-11-03,600.270833333333
2013-11-04,741.4375
2013-11-05,752.3125
2013-11-06,561.625
2013-11-07,530.8125
2013-11-08,660.083333333333
2013-11-09,772.375
2013-11-10,744.6875
2013-11-11,725.083333333333
2013-11-12,727.145833333333
2013-11-13,721.854166666667
2013-11-14,919.041666666667
2013-11-15,816.666666666667
2013-11-16,931.5625
2013-11-17,1085.83333333333
2013-11-18,1156.52083333333
2013-11-19,1045.72916666667
2013-11-20,1029
2013-11-21,1068.8125
2013-11-22,1229.16666666667
2013-11-23,1195.625
2013-11-24,1148.625
2013-11-25,946.541666666667
2013-11-26,887.895833333333
2013-11-27,897.333333333333
2013-11-28,988
2013-11-29,812.791666666667
2013-11-30,846.25
2013-12-01,876.666666666667
2013-12-02,782.895833333333
2013-12-03,858.020833333333
2013-12-04,807.770833333333
2013-12-05,667.833333333333
2013-12-06,524.791666666667
2013-12-07,446.208333333333
2013-12-08,449.041666666667
2013-12-09,492.645833333333
2013-12-10,882.5625
2013-12-11,874.416666666667
2013-12-12,868.104166666667
2013-12-13,887.041666666667
2013-12-14,864.583333333333
2013-12-15,873.0625
2013-12-16,754.479166666667
2013-12-17,743.833333333333
2013-12-18,686.125
2013-12-19,683.770833333333
2013-12-20,731.708333333333
2013-12-21,742.833333333333
2013-12-22,739.25
2013-12-23,777.916666666667
2013-12-24,755.770833333333
2013-12-25,743.791666666667
2013-12-26,736.895833333333
2013-12-27,733.791666666667
2013-12-28,744.6875
2013-12-29,737.020833333333
2013-12-30,736.083333333333
2013-12-31,NA
2014-01-01,708.404255319149
2014-01-02,636.041666666667
2014-01-03,623.041666666667
2014-01-04,623.1875
2014-01-05,614.75
2014-01-06,596.229166666667
2014-01-07,583.208333333333
2014-01-08,570.916666666667
2014-01-09,498.75
2014-01-10,369.895833333333
2014-01-11,374.395833333333
2014-01-12,366.770833333333
2014-01-13,462.291666666667
2014-01-14,460.958333333333
2014-01-15,463.75
2014-01-16,450.854166666667
2014-01-17,460.291666666667
2014-01-18,428.0625
2014-01-19,436.104166666667
2014-01-20,552
2014-01-21,571.291666666667
2014-01-22,571.375
2014-01-23,545.375
2014-01-24,616.375
2014-01-25,674.916666666667
2014-01-26,625.3125
2014-01-27,564.791666666667
2014-01-28,558.041666666667
2014-01-29,495.145833333333
2014-01-30,551.25
2014-01-31,550.375
2014-02-01,550.125
2014-02-02,536.3125
2014-02-03,517.708333333333
2014-02-04,520.291666666667
2014-02-05,537.75
2014-02-06,546.875
2014-02-07,532.854166666667
2014-02-08,504.5
2014-02-09,515.291666666667
2014-02-10,525.791666666667
2014-02-11,512.020833333333
2014-02-12,485.729166666667
2014-02-13,464.104166666667
2014-02-14,453.145833333333
2014-02-15,461.125
2014-02-16,466.333333333333
2014-02-17,577.354166666667
2014-02-18,579.645833333333
2014-02-19,587.895833333333
2014-02-20,580.645833333333
2014-02-21,613.1875
2014-02-22,645.583333333333
2014-02-23,733.791666666667
2014-02-24,790.5
2014-02-25,969.354166666667
2014-02-26,1005.89583333333
2014-02-27,1013.1875
2014-02-28,938.9375
2014-03-01,746.4375
2014-03-02,730.1875
2014-03-03,653.708333333333
2014-03-04,622.833333333333
2014-03-05,631.229166666667
2014-03-06,563.666666666667
2014-03-07,574.083333333333
2014-03-08,687.854166666667
2014-03-09,NA
2014-03-10,NA
2014-03-11,617.4375
2014-03-12,531.104166666667
2014-03-13,389.770833333333
2014-03-14,374.25
2014-03-15,385.3125
2014-03-16,440.229166666667
2014-03-17,503.4375
2014-03-18,378.583333333333
2014-03-19,351.3125
2014-03-20,294.770833333333
2014-03-21,301.833333333333
2014-03-22,312.4375
2014-03-23,338.145833333333
2014-03-24,314.166666666667
2014-03-25,263.604166666667
2014-03-26,250.1875
2014-03-27,211.770833333333
2014-03-28,194.791666666667
2014-03-29,198.875
2014-03-30,181.416666666667
2014-03-31,202.145833333333
2014-04-01,222.166666666667
2014-04-02,188.854166666667
2014-04-03,169.375
2014-04-04,192.625
2014-04-05,203.104166666667
2014-04-06,191.166666666667
2014-04-07,196.375
2014-04-08,171.458333333333
2014-04-09,162.291666666667
2014-04-10,161.333333333333
2014-04-11,157.375
2014-04-12,160.583333333333
2014-04-13,169.479166666667
2014-04-14,152.395833333333
2014-04-15,165.041666666667
2014-04-16,172.854166666667
2014-04-17,180.541666666667
2014-04-18,171.291666666667
2014-04-19,173.270833333333
2014-04-20,188.395833333333
2014-04-21,193.666666666667
2014-04-22,175.166666666667
2014-04-23,209.479166666667
2014-04-24,220.729166666667
2014-04-25,211.770833333333
2014-04-26,185.020833333333
2014-04-27,182.875
2014-04-28,248.416666666667
2014-04-29,300.479166666667
2014-04-30,309.770833333333
2014-05-01,217.479166666667
2014-05-02,258.520833333333
2014-05-03,247.166666666667
2014-05-04,227.625
2014-05-05,224.270833333333
2014-05-06,186.1875
2014-05-07,175.8125
2014-05-08,175
2014-05-09,217.125
2014-05-10,652.958333333333
2014-05-11,796.166666666667
2014-05-12,891.020833333333
2014-05-13,1076.45833333333
2014-05-14,1070.72916666667
2014-05-15,1142.5
2014-05-16,983.770833333333
2014-05-17,924.125
2014-05-18,875.8125
2014-05-19,770.0625
2014-05-20,695.208333333333
2014-05-21,580.5
2014-05-22,463.083333333333
2014-05-23,385.9375
2014-05-24,359.729166666667
2014-05-25,399.9375
2014-05-26,602.395833333333
2014-05-27,547.75
2014-05-28,531.916666666667
2014-05-29,515.416666666667
2014-05-30,495.520833333333
2014-05-31,491.354166666667
2014-06-01,446.583333333333
2014-06-02,316.145833333333
2014-06-03,209.229166666667
2014-06-04,253.4375
2014-06-05,257.395833333333
2014-06-06,525.791666666667
2014-06-07,597.375
2014-06-08,465.770833333333
2014-06-09,411.604166666667
2014-06-10,326.145833333333
2014-06-11,262.479166666667
2014-06-12,249.020833333333
2014-06-13,201.604166666667
2014-06-14,187.791666666667
2014-06-15,186.416666666667
2014-06-16,191.875
2014-06-17,176.8125
2014-06-18,167.75
2014-06-19,160.5
2014-06-20,159.125
2014-06-21,155.458333333333
2014-06-22,155.75
2014-06-23,130.895833333333
2014-06-24,109.708333333333
2014-06-25,96.9166666666667
2014-06-26,120
2014-06-27,110.770833333333
2014-06-28,100.979166666667
2014-06-29,88.75
2014-06-30,81.375
2014-07-01,71.7916666666667
2014-07-02,62.9166666666667
2014-07-03,55.5833333333333
2014-07-04,55.0833333333333
2014-07-05,77.1458333333333
2014-07-06,118.770833333333
2014-07-07,101.833333333333
2014-07-08,102.791666666667
2014-07-09,95.8125
2014-07-10,94.1041666666667
2014-07-11,222.625
2014-07-12,189.541666666667
2014-07-13,234.5
2014-07-14,429.3125
2014-07-15,223.708333333333
2014-07-16,327.1875
2014-07-17,749.229166666667
2014-07-18,880.729166666667
2014-07-19,2409.79166666667
2014-07-20,2275.33333333333
2014-07-21,524.979166666667
2014-07-22,397.458333333333
2014-07-23,262.083333333333
2014-07-24,176.791666666667
2014-07-25,142.979166666667
2014-07-26,117.5625
2014-07-27,71.875
2014-07-28,65.5416666666667
2014-07-29,75.6875
2014-07-30,142.520833333333
2014-07-31,237.9375
2014-08-01,261.083333333333
2014-08-02,NA
2014-08-03,0
2014-08-04,924.583333333333
2014-08-05,1448.91666666667
2014-08-06,768.354166666667
2014-08-07,571.104166666667
2014-08-08,594.604166666667
2014-08-09,579.0625
2014-08-10,437.520833333333
2014-08-11,381
2014-08-12,555.958333333333
2014-08-13,765.5625
2014-08-14,525.25
2014-08-15,454.4375
2014-08-16,739.916666666667
2014-08-17,953.4375
2014-08-18,540.583333333333
2014-08-19,212.666666666667
2014-08-20,311.75
2014-08-21,154.25
2014-08-22,160.729166666667
2014-08-23,393.1875
2014-08-24,149
2014-08-25,232.166666666667
2014-08-26,155.145833333333
2014-08-27,349.541666666667
2014-08-28,152.125
2014-08-29,182.791666666667
2014-08-30,353.125
2014-08-31,126.729166666667
2014-09-01,135.666666666667
2014-09-02,106.395833333333
2014-09-03,90.0416666666667
2014-09-04,66.7083333333333
2014-09-05,50.375
2014-09-06,43.8958333333333
2014-09-07,43.6458333333333
2014-09-08,38.5208333333333
2014-09-09,31.9166666666667
2014-09-10,27.4583333333333
2014-09-11,24.5625
2014-09-12,20.3958333333333
2014-09-13,19.625
2014-09-14,16.1458333333333
2014-09-15,145.770833333333
2014-09-16,153.9375
2014-09-17,254.5
2014-09-18,184.375
2014-09-19,153.666666666667
2014-09-20,137.895833333333
2014-09-21,111.520833333333
2014-09-22,NA
2014-09-23,NA
2014-09-24,NA
2014-09-25,554.479166666667
2014-09-26,535.645833333333
2014-09-27,291.6875
2014-09-28,299.645833333333
2014-09-29,276.645833333333
2014-09-30,74.1875
2014-10-01,64.8958333333333
2014-10-02,56.9375
2014-10-03,56.9791666666667
2014-10-04,55.3333333333333
2014-10-05,55.4791666666667
2014-10-06,54.3958333333333
2014-10-07,52.9583333333333
2014-10-08,52.5416666666667
2014-10-09,53.875
2014-10-10,63.875
2014-10-11,104.833333333333
2014-10-12,198.270833333333
2014-10-13,170.875
2014-10-14,138.083333333333
2014-10-15,88.7916666666667
2014-10-16,165.395833333333
2014-10-17,177.395833333333
2014-10-18,170.020833333333
2014-10-19,162.3125
2014-10-20,165.729166666667
2014-10-21,143.458333333333
2014-10-22,175.895833333333
2014-10-23,160.791666666667
2014-10-24,106.3125
2014-10-25,94.1875
2014-10-26,104.5625
2014-10-27,100.854166666667
2014-10-28,100.020833333333
2014-10-29,132.375
2014-10-30,198
2014-10-31,254.291666666667
2014-11-01,371.145833333333
2014-11-02,464.0625
2014-11-03,498.708333333333
2014-11-04,592.083333333333
2014-11-05,714.520833333333
2014-11-06,635.833333333333
2014-11-07,564.375
2014-11-08,620.666666666667
2014-11-09,593.0625
2014-11-10,613.979166666667
2014-11-11,676.520833333333
2014-11-12,706.125
2014-11-13,760.8125
2014-11-14,864.291666666667
2014-11-15,1032.72916666667
2014-11-16,0
2014-11-17,373.020833333333
2014-11-18,940.833333333333
2014-11-19,922.6875
2014-11-20,928.583333333333
2014-11-21,897.104166666667
2014-11-22,876.8125
2014-11-23,868.479166666667
2014-11-24,951.666666666667
2014-11-25,965.604166666667
2014-11-26,794.416666666667
2014-11-27,769.416666666667
2014-11-28,785.729166666667
2014-11-29,838.645833333333
2014-11-30,886.270833333333
2014-12-01,978.25
2014-12-02,1057.52083333333
2014-12-03,1037.29166666667
2014-12-04,1051.66666666667
2014-12-05,1093.33333333333
2014-12-06,1177.5
2014-12-07,1188.33333333333
2014-12-08,1156.25
2014-12-09,898.6875
2014-12-10,883.979166666667
2014-12-11,868.416666666667
2014-12-12,849.833333333333
2014-12-13,820.604166666667
2014-12-14,799.8125
2014-12-15,862.0625
2014-12-16,823.416666666667
2014-12-17,840.5625
2014-12-18,870.8125
2014-12-19,NA
2014-12-20,NA
2014-12-21,NA
2014-12-22,NA
2014-12-23,NA
2014-12-24,NA
2014-12-25,NA
2014-12-26,769.75
2014-12-27,706.479166666667
2014-12-28,718.541666666667
2014-12-29,722.5
2014-12-30,707.875
2014-12-31,NA
2015-01-01,603.75
2015-01-02,589.520833333333
2015-01-03,566.3125
2015-01-04,578.333333333333
2015-01-05,588.1875
2015-01-06,434.5625
2015-01-07,438.020833333333
2015-01-08,464.791666666667
2015-01-09,531.333333333333
2015-01-10,585.5
2015-01-11,551.625
2015-01-12,580.583333333333
2015-01-13,606.895833333333
2015-01-14,647.875
2015-01-15,618.729166666667
2015-01-16,646.0625
2015-01-17,NA
2015-01-18,672.416666666667
2015-01-19,746.958333333333
2015-01-20,759
2015-01-21,775.395833333333
2015-01-22,768.333333333333
2015-01-23,772.270833333333
2015-01-24,754.854166666667
2015-01-25,716.1875
2015-01-26,744.958333333333
2015-01-27,762.666666666667
2015-01-28,774.916666666667
2015-01-29,739.625
2015-01-30,744.75
2015-01-31,782.458333333333
2015-02-01,807.833333333333
2015-02-02,809.75
2015-02-03,763.104166666667
2015-02-04,772.229166666667
2015-02-05,763.020833333333
2015-02-06,752.625
2015-02-07,749.75
2015-02-08,761.708333333333
2015-02-09,800.333333333333
2015-02-10,864.770833333333
2015-02-11,815.729166666667
2015-02-12,863.541666666667
2015-02-13,882.6875
2015-02-14,867.729166666667
2015-02-15,879.229166666667
2015-02-16,1015.1875
2015-02-17,1002.39583333333
2015-02-18,1037.16666666667
2015-02-19,974.020833333333
2015-02-20,995.1875
2015-02-21,979.354166666667
2015-02-22,997.854166666667
2015-02-23,968.875
2015-02-24,1016.29166666667
2015-02-25,975.270833333333
2015-02-26,1002.8125
2015-02-27,972.0625
2015-02-28,746.8125
2015-03-01,655.875
2015-03-02,620.958333333333
2015-03-03,595.166666666667
2015-03-04,498.041666666667
2015-03-05,589.0625
2015-03-06,646.229166666667
2015-03-07,719.708333333333
2015-03-08,NA
2015-03-09,567.791666666667
2015-03-10,581.104166666667
2015-03-11,545.25
2015-03-12,510.458333333333
2015-03-13,455.5625
2015-03-14,482.4375
2015-03-15,522.125
2015-03-16,519.333333333333
2015-03-17,517.25
2015-03-18,475.458333333333
2015-03-19,563.645833333333
2015-03-20,624.270833333333
2015-03-21,617.75
2015-03-22,766.583333333333
2015-03-23,1437.70833333333
2015-03-24,1280.41666666667
2015-03-25,1327.08333333333
2015-03-26,1168.33333333333
2015-03-27,1225.41666666667
2015-03-28,1225.83333333333
2015-03-29,1267.29166666667
2015-03-30,1070.41666666667
2015-03-31,992.875
2015-04-01,889.9375
2015-04-02,914.104166666667
2015-04-03,NA
2015-04-04,1244.79166666667
2015-04-05,1377.08333333333
2015-04-06,1103.83333333333
2015-04-07,903.208333333333
2015-04-08,759.166666666667
2015-04-09,602.75
2015-04-10,550.770833333333
2015-04-11,487.229166666667
2015-04-12,535.125
2015-04-13,478.895833333333
2015-04-14,374.1875
2015-04-15,422.104166666667
2015-04-16,390.416666666667
2015-04-17,367.104166666667
2015-04-18,394.291666666667
2015-04-19,375
2015-04-20,408.583333333333
2015-04-21,381.645833333333
2015-04-22,348.5625
2015-04-23,353.3125
2015-04-24,348.4375
2015-04-25,353.708333333333
2015-04-26,350.020833333333
2015-04-27,332.979166666667
2015-04-28,353.708333333333
2015-04-29,386.604166666667
2015-04-30,346.458333333333
2015-05-01,366.729166666667
2015-05-02,324.166666666667
2015-05-03,292.458333333333
2015-05-04,307.4375
2015-05-05,288.0625
2015-05-06,368.375
2015-05-07,414.75
2015-05-08,412.354166666667
2015-05-09,609.479166666667
2015-05-10,598.1875
2015-05-11,589.520833333333
2015-05-12,456.4375
2015-05-13,439.895833333333
2015-05-14,425.604166666667
2015-05-15,575.229166666667
2015-05-16,650.8125
2015-05-17,636
2015-05-18,655.125
2015-05-19,696.354166666667
2015-05-20,822.791666666667
2015-05-21,925.416666666667
2015-05-22,1671.04166666667
2015-05-23,3451.66666666667
2015-05-24,4108.75
2015-05-25,3716.66666666667
2015-05-26,3359.375
2015-05-27,3231.45833333333
2015-05-28,2966.66666666667
2015-05-29,2557.70833333333
2015-05-30,1826.66666666667
2015-05-31,1474.79166666667
2015-06-01,1145.29166666667
2015-06-02,989.5625
2015-06-03,932.354166666667
2015-06-04,739.833333333333
2015-06-05,626.25
2015-06-06,603.6875
2015-06-07,608.4375
2015-06-08,531.5625
2015-06-09,718.520833333333
2015-06-10,678.083333333333
2015-06-11,656.1875
2015-06-12,842.1875
2015-06-13,1463.33333333333
2015-06-14,1837.08333333333
2015-06-15,2012.5
2015-06-16,1899.79166666667
2015-06-17,1983.125
2015-06-18,1971.04166666667
2015-06-19,1785.83333333333
2015-06-20,1624.79166666667
2015-06-21,1495.20833333333
2015-06-22,1401.66666666667
2015-06-23,1295.41666666667
2015-06-24,976.770833333333
2015-06-25,743.041666666667
2015-06-26,609.916666666667
2015-06-27,536.583333333333
2015-06-28,482.791666666667
2015-06-29,711.229166666667
2015-06-30,636.5625
2015-07-01,410.854166666667
2015-07-02,408.791666666667
2015-07-03,NA
2015-07-04,NA
2015-07-05,450.729166666667
2015-07-06,619.125
2015-07-07,491.604166666667
2015-07-08,1271.125
2015-07-09,2206.25
2015-07-10,2853.75
2015-07-11,2230.625
2015-07-12,2462.08333333333
2015-07-13,1859.58333333333
2015-07-14,2120.83333333333
2015-07-15,1677.29166666667
2015-07-16,1572.95833333333
2015-07-17,1345.625
2015-07-18,1032.20833333333
2015-07-19,742.895833333333
2015-07-20,700.166666666667
2015-07-21,657.270833333333
2015-07-22,606.625
2015-07-23,718.229166666667
2015-07-24,522.625
2015-07-25,494.25
2015-07-26,473.583333333333
2015-07-27,0
2015-07-28,151.354166666667
2015-07-29,NA
2015-07-30,NA
2015-07-31,NA
2015-08-01,NA
2015-08-02,1123.10416666667
2015-08-03,1285.66666666667
2015-08-04,746.1875
2015-08-05,734.1875
2015-08-06,417.291666666667
2015-08-07,NA
2015-08-08,NA
2015-08-09,313.833333333333
2015-08-10,296.1875
2015-08-11,286.5625
2015-08-12,211.0625
2015-08-13,283.916666666667
2015-08-14,272.729166666667
2015-08-15,229.1875
2015-08-16,238.4375
2015-08-17,246.291666666667
2015-08-18,225.25
2015-08-19,202.166666666667
2015-08-20,200.229166666667
2015-08-21,190.354166666667
2015-08-22,183.75
2015-08-23,188.333333333333
2015-08-24,176.5
2015-08-25,192.6875
2015-08-26,159.770833333333
2015-08-27,180.604166666667
2015-08-28,186.895833333333
2015-08-29,199.020833333333
2015-08-30,200.666666666667
2015-08-31,186.020833333333
2015-09-01,184.729166666667
2015-09-02,198.5
2015-09-03,213.083333333333
2015-09-04,129.041666666667
2015-09-05,122.458333333333
2015-09-06,117.145833333333
2015-09-07,114.791666666667
2015-09-08,119.1875
2015-09-09,99.375
2015-09-10,97.9166666666667
2015-09-11,79.6458333333333
2015-09-12,53.6458333333333
2015-09-13,48.9583333333333
2015-09-14,44.8125
2015-09-15,34.8125
2015-09-16,33.4583333333333
2015-09-17,35.2916666666667
2015-09-18,35.2916666666667
2015-09-19,35.1041666666667
2015-09-20,34.5208333333333
2015-09-21,33.4583333333333
2015-09-22,34.2708333333333
2015-09-23,33.4583333333333
2015-09-24,113.520833333333
2015-09-25,110.645833333333
2015-09-26,82.4791666666667
2015-09-27,66.3125
2015-09-28,69.625
2015-09-29,46.2916666666667
2015-09-30,31.3958333333333
2015-10-01,31.25
2015-10-02,31.7708333333333
2015-10-03,31.5625
2015-10-04,30.4375
2015-10-05,40.1666666666667
2015-10-06,48.9166666666667
2015-10-07,90.4583333333333
2015-10-08,167.625
2015-10-09,185.4375
2015-10-10,112.375
2015-10-11,116.770833333333
2015-10-12,96.5208333333333
2015-10-13,69.3541666666667
2015-10-14,82.875
2015-10-15,89.1458333333333
2015-10-16,74.5416666666667
2015-10-17,63.2916666666667
2015-10-18,62.9583333333333
2015-10-19,100.833333333333
2015-10-20,133.854166666667
2015-10-21,369.270833333333
2015-10-22,497.4375
2015-10-23,724.208333333333
2015-10-24,817.770833333333
2015-10-25,855.625
2015-10-26,777.375
2015-10-27,705.916666666667
2015-10-28,672.479166666667
2015-10-29,526.041666666667
2015-10-30,456.979166666667
2015-10-31,471.666666666667
2015-11-01,496.770833333333
2015-11-02,495.9375
2015-11-03,485.354166666667
2015-11-04,487.125
2015-11-05,477.5
2015-11-06,495.041666666667
2015-11-07,558.5
2015-11-08,582.854166666667
2015-11-09,619.583333333333
2015-11-10,640.979166666667
2015-11-11,658.541666666667
2015-11-12,776.6875
2015-11-13,806.854166666667
2015-11-14,824.416666666667
2015-11-15,840.5
2015-11-16,886.645833333333
2015-11-17,938.958333333333
2015-11-18,1115.25
2015-11-19,1120.41666666667
2015-11-20,1091.25
2015-11-21,1142.29166666667
2015-11-22,1171.25
2015-11-23,1090.10416666667
2015-11-24,1030.97916666667
2015-11-25,1032.08333333333
2015-11-26,1049.58333333333
2015-11-27,1090
2015-11-28,1060
2015-11-29,1090.83333333333
2015-11-30,1108.33333333333
2015-12-01,1216.66666666667
2015-12-02,1256.875
2015-12-03,1485.41666666667
2015-12-04,1527.70833333333
2015-12-05,1495.20833333333
2015-12-06,1486.66666666667
2015-12-07,1437.85416666667
2015-12-08,1490.83333333333
2015-12-09,1552.5
2015-12-10,1681.04166666667
2015-12-11,1643.95833333333
2015-12-12,1754.16666666667
2015-12-13,1756.04166666667
2015-12-14,1822.5
2015-12-15,1780.41666666667
2015-12-16,1837.70833333333
2015-12-17,1801.875
2015-12-18,1797.29166666667
2015-12-19,1757.08333333333
2015-12-20,1773.75
2015-12-21,1906.04166666667
2015-12-22,1955.625
2015-12-23,1941.66666666667
2015-12-24,1795
2015-12-25,1715.83333333333
2015-12-26,1512.08333333333
2015-12-27,1351.45833333333
2015-12-28,1306.25
2015-12-29,1273.75
2015-12-30,1213.125
2015-12-31,1144
2016-01-01,1010.35416666667
2016-01-02,957.354166666667
2016-01-03,905.291666666667
2016-01-04,895.5
2016-01-05,911.020833333333
2016-01-06,914.354166666667
2016-01-07,812.5
2016-01-08,858.666666666667
2016-01-09,815.895833333333
2016-01-10,801.333333333333
2016-01-11,825.708333333333
2016-01-12,797.166666666667
2016-01-13,788.854166666667
2016-01-14,776.145833333333
2016-01-15,752.9375
2016-01-16,723.645833333333
2016-01-17,702.395833333333
2016-01-18,704.25
2016-01-19,700.958333333333
2016-01-20,753.458333333333
2016-01-21,758.875
2016-01-22,749.395833333333
2016-01-23,746.9375
2016-01-24,740.75
2016-01-25,740.645833333333
2016-01-26,736.708333333333
2016-01-27,714.666666666667
2016-01-28,660.166666666667
2016-01-29,667.625
2016-01-30,671.625
2016-01-31,666.083333333333
2016-02-01,647.479166666667
2016-02-02,643.458333333333
2016-02-03,646.770833333333
2016-02-04,656.75
2016-02-05,705.0625
2016-02-06,690.75
2016-02-07,695.4375
2016-02-08,691.833333333333
2016-02-09,686.6875
2016-02-10,661.041666666667
2016-02-11,668.6875
2016-02-12,690.25
2016-02-13,735.1875
2016-02-14,737.5625
2016-02-15,779.125
2016-02-16,785.979166666667
2016-02-17,845.958333333333
2016-02-18,843.708333333333
2016-02-19,962.020833333333
2016-02-20,1085.04166666667
2016-02-21,1211.66666666667
2016-02-22,1224.16666666667
2016-02-23,1223.33333333333
2016-02-24,1193
2016-02-25,1457.5
2016-02-26,1440
2016-02-27,1441.25
2016-02-28,1397.5
2016-02-29,1204.79166666667
2016-03-01,993.895833333333
2016-03-02,804.729166666667
2016-03-03,788.916666666667
2016-03-04,787.020833333333
2016-03-05,786.583333333333
2016-03-06,943.125
2016-03-07,1223.33333333333
2016-03-08,1024.77083333333
2016-03-09,936.5
2016-03-10,807.854166666667
2016-03-11,752.958333333333
2016-03-12,894.166666666667
2016-03-13,NA
2016-03-14,996.104166666667
2016-03-15,914.645833333333
2016-03-16,824.041666666667
2016-03-17,721.75
2016-03-18,697
2016-03-19,628.083333333333
2016-03-20,627.333333333333
2016-03-21,NA
2016-03-22,NA
2016-03-23,503.104166666667
2016-03-24,603.541666666667
2016-03-25,583.958333333333
2016-03-26,624.75
2016-03-27,659.0625
2016-03-28,664.875
2016-03-29,588.229166666667
2016-03-30,548.875
2016-03-31,550.625
2016-04-01,453.083333333333
2016-04-02,450.708333333333
2016-04-03,430.25
2016-04-04,484.458333333333
2016-04-05,480.020833333333
2016-04-06,427.604166666667
2016-04-07,352.479166666667
2016-04-08,303.333333333333
2016-04-09,393.541666666667
2016-04-10,310.645833333333
2016-04-11,357.895833333333
2016-04-12,372.416666666667
2016-04-13,352
2016-04-14,452.354166666667
2016-04-15,458.104166666667
2016-04-16,380.3125
2016-04-17,377.958333333333
2016-04-18,399.354166666667
2016-04-19,348.645833333333
2016-04-20,348.104166666667
2016-04-21,480.020833333333
2016-04-22,499.375
2016-04-23,564.791666666667
2016-04-24,595.020833333333
2016-04-25,625.770833333333
2016-04-26,612.854166666667
2016-04-27,632.541666666667
2016-04-28,762.8125
2016-04-29,726.9375
2016-04-30,709.770833333333
2016-05-01,675.916666666667
2016-05-02,687.895833333333
2016-05-03,729.166666666667
2016-05-04,700.145833333333
2016-05-05,627.708333333333
2016-05-06,571.041666666667
2016-05-07,553.9375
2016-05-08,542.5625
2016-05-09,597.958333333333
2016-05-10,563.104166666667
2016-05-11,539.958333333333
2016-05-12,579.333333333333
2016-05-13,641.854166666667
2016-05-14,659.583333333333
2016-05-15,644.020833333333
2016-05-16,653.916666666667
2016-05-17,764.166666666667
2016-05-18,1032.5
2016-05-19,1338.33333333333
2016-05-20,1499.58333333333
2016-05-21,1596.25
2016-05-22,1732.5
2016-05-23,1723.95833333333
2016-05-24,1600.20833333333
2016-05-25,1658.95833333333
2016-05-26,2140.41666666667
2016-05-27,2373.125
2016-05-28,2513.125
2016-05-29,2524.79166666667
2016-05-30,2356.04166666667
2016-05-31,2326.66666666667
2016-06-01,2410.20833333333
2016-06-02,2471.66666666667
2016-06-03,2415
2016-06-04,2449.375
2016-06-05,2463.33333333333
2016-06-06,2670.83333333333
2016-06-07,2675.20833333333
2016-06-08,2858.54166666667
2016-06-09,3087.91666666667
2016-06-10,3051.66666666667
2016-06-11,2941.66666666667
2016-06-12,3149.58333333333
2016-06-13,2408.75
2016-06-14,2270.41666666667
2016-06-15,2252.91666666667
2016-06-16,2128.75
2016-06-17,2055
2016-06-18,2000.625
2016-06-19,1954.16666666667
2016-06-20,1854.58333333333
2016-06-21,1629.16666666667
2016-06-22,1467.91666666667
2016-06-23,1420.72916666667
2016-06-24,1352.9375
2016-06-25,826.8125
2016-06-26,465.666666666667
2016-06-27,415.520833333333
2016-06-28,397.416666666667
2016-06-29,366.5625
2016-06-30,338.645833333333
2016-07-01,293.333333333333
2016-07-02,301.875
2016-07-03,293.416666666667
2016-07-04,303.020833333333
2016-07-05,332.125
2016-07-06,307.416666666667
2016-07-07,285.166666666667
2016-07-08,275.25
2016-07-09,255.3125
2016-07-10,234.6875
2016-07-11,185.9375
2016-07-12,161.0625
2016-07-13,135.458333333333
2016-07-14,158.625
2016-07-15,129.979166666667
2016-07-16,102.625
2016-07-17,102.208333333333
2016-07-18,95.9166666666667
2016-07-19,91.6666666666667
2016-07-20,102.666666666667
2016-07-21,89.5416666666667
2016-07-22,66.4375
2016-07-23,73.5208333333333
2016-07-24,77.125
2016-07-25,76.3541666666667
2016-07-26,69.1875
2016-07-27,68.4583333333333
2016-07-28,68.5
2016-07-29,66.3541666666667
2016-07-30,62.5416666666667
2016-07-31,61.125
2016-08-01,237.645833333333
2016-08-02,255.458333333333
2016-08-03,194.395833333333
2016-08-04,266.416666666667
2016-08-05,167.875
2016-08-06,312.958333333333
2016-08-07,408.375
2016-08-08,296.5625
2016-08-09,421.8125
2016-08-10,389.041666666667
2016-08-11,378.25
2016-08-12,255.708333333333
2016-08-13,184.3125
2016-08-14,204.979166666667
2016-08-15,144.895833333333
2016-08-16,127.770833333333
2016-08-17,350.479166666667
2016-08-18,94.25
2016-08-19,121.166666666667
2016-08-20,95.5208333333333
2016-08-21,94.3125
2016-08-22,161.25
2016-08-23,79.2291666666667
2016-08-24,NA
2016-08-25,172.5
2016-08-26,214.854166666667
2016-08-27,234.458333333333
2016-08-28,250.833333333333
2016-08-29,229.145833333333
2016-08-30,255.520833333333
2016-08-31,178.895833333333
2016-09-01,99.6875
2016-09-02,88.3333333333333
2016-09-03,80.3958333333333
2016-09-04,81.7708333333333
2016-09-05,65.9375
2016-09-06,64.7708333333333
2016-09-07,74.3958333333333
2016-09-08,73.25
2016-09-09,74.7708333333333
2016-09-10,74.1041666666667
2016-09-11,74.1458333333333
2016-09-12,74.6041666666667
2016-09-13,69.875
2016-09-14,69.2916666666667
2016-09-15,83.8958333333333
2016-09-16,98.8541666666667
2016-09-17,81.8958333333333
2016-09-18,69.0625
2016-09-19,67.6041666666667
2016-09-20,67.4583333333333
2016-09-21,68.9791666666667
2016-09-22,64.9791666666667
2016-09-23,55.1458333333333
2016-09-24,46.625
2016-09-25,73.2083333333333
2016-09-26,104.875
2016-09-27,40.625
2016-09-28,31.8333333333333
2016-09-29,31.6041666666667
2016-09-30,28.8333333333333
2016-10-01,26.875
2016-10-02,26.375
2016-10-03,28.0833333333333
2016-10-04,27.3125
2016-10-05,27.875
2016-10-06,27.6041666666667
2016-10-07,26.8958333333333
2016-10-08,27.4791666666667
2016-10-09,164.270833333333
2016-10-10,103.854166666667
2016-10-11,46.0625
2016-10-12,69.4166666666667
2016-10-13,38.7291666666667
2016-10-14,34.6875
2016-10-15,32.5625
2016-10-16,40.3333333333333
2016-10-17,37.9375
2016-10-18,44.0625
2016-10-19,44.0416666666667
2016-10-20,44.4166666666667
2016-10-21,44.8541666666667
2016-10-22,43.9375
2016-10-23,44.3125
2016-10-24,45
2016-10-25,46.25
2016-10-26,44.7916666666667
2016-10-27,NA
2016-10-28,NA
2016-10-29,NA
2016-10-30,48.7291666666667
2016-10-31,63.8125
2016-11-01,208.708333333333
2016-11-02,251.645833333333
2016-11-03,277.4375
2016-11-04,602.083333333333
2016-11-05,596.645833333333
2016-11-06,761.395833333333
2016-11-07,483.208333333333
2016-11-08,550.3125
2016-11-09,414.145833333333
2016-11-10,402.9375
2016-11-11,366.3125
2016-11-12,354.229166666667
2016-11-13,356.416666666667
2016-11-14,358.0625
2016-11-15,388.5
2016-11-16,407.645833333333
2016-11-17,389.854166666667
2016-11-18,385.104166666667
2016-11-19,403.958333333333
2016-11-20,402.770833333333
2016-11-21,424.875
2016-11-22,426.770833333333
2016-11-23,464.4375
2016-11-24,717.1875
2016-11-25,784.1875
2016-11-26,779.333333333333
2016-11-27,797.604166666667
2016-11-28,789.5
2016-11-29,683.895833333333
2016-11-30,678.666666666667
2016-12-01,NA
2016-12-02,816.083333333333
2016-12-03,751.458333333333
2016-12-04,759.354166666667
2016-12-05,724.8125
2016-12-06,721.604166666667
2016-12-07,725.104166666667
2016-12-08,744.0625
2016-12-09,746.145833333333
2016-12-10,766.166666666667
2016-12-11,764.645833333333
2016-12-12,768.708333333333
2016-12-13,766.458333333333
2016-12-14,769.25
2016-12-15,780.104166666667
2016-12-16,795.208333333333
2016-12-17,788.854166666667
2016-12-18,776.958333333333
2016-12-19,791.375
2016-12-20,774.458333333333
2016-12-21,771.125
2016-12-22,753.041666666667
2016-12-23,803.979166666667
2016-12-24,887.375
2016-12-25,813.604166666667
2016-12-26,798.708333333333
2016-12-27,776.458333333333
2016-12-28,768.75
2016-12-29,773.791666666667
2016-12-30,771.142857142857
2017-04-08,2026
2017-04-09,1908.33333333333
2017-04-10,1884.16666666667
2017-04-11,1917.91666666667
2017-04-12,1889.58333333333
2017-04-13,2219.375
2017-04-14,2241.04166666667
2017-04-15,2295.625
2017-04-16,2318.125
2017-04-17,2275.41666666667
2017-04-18,2188.33333333333
2017-04-19,0
2017-04-20,0
2017-04-21,1614.16666666667
2017-04-22,2614.79166666667
2017-04-23,2672.5
2017-04-24,2728.33333333333
2017-04-25,2750.625
2017-04-26,3169.16666666667
2017-04-27,3445.83333333333
2017-04-28,3625.20833333333
2017-04-29,3954.375
2017-04-30,3859.375
2017-05-01,3380.83333333333
2017-05-02,3382.91666666667
2017-05-03,3136.66666666667
2017-05-04,2680.20833333333
2017-05-05,2453.54166666667
2017-05-06,2321.25
2017-05-07,2294.375
2017-05-08,2308.54166666667
2017-05-09,2358.95833333333
2017-05-10,2418.33333333333
2017-05-11,2717.91666666667
2017-05-12,2998.75
2017-05-13,3107.91666666667
2017-05-14,3344.58333333333
2017-05-15,3787.29166666667
2017-05-16,NA
2017-05-17,3987.08333333333
2017-05-18,NA
2017-05-19,4120.83333333333
2017-05-20,4478.125
2017-05-21,4433.75
2017-05-22,4489.79166666667
2017-05-23,4446.45833333333
2017-05-24,4145.41666666667
2017-05-25,3441.875
2017-05-26,2827.91666666667
2017-05-27,2570.625
2017-05-28,2588.95833333333
2017-05-29,2662.70833333333
2017-05-30,2708.125
2017-05-31,3397.29166666667
2017-06-01,3349.58333333333
2017-06-02,3515.41666666667
2017-06-03,3402.5
2017-06-04,2685.83333333333
2017-06-05,2656.875
2017-06-06,3190.625
2017-06-07,3121.25
2017-06-08,3218.33333333333
2017-06-09,3142.29166666667
2017-06-10,3153.54166666667
2017-06-11,3242.29166666667
2017-06-12,3290.41666666667
2017-06-13,3144.375
2017-06-14,2931.25
2017-06-15,2789.375
2017-06-16,2657.91666666667
2017-06-17,2654.58333333333
2017-06-18,2655
2017-06-19,1713.5625
2017-06-20,766.791666666667
2017-06-21,621.770833333333
2017-06-22,540.375
2017-06-23,539.979166666667
2017-06-24,502.1875
2017-06-25,512.6875
2017-06-26,508.083333333333
2017-06-27,516.229166666667
2017-06-28,401.458333333333
2017-06-29,355.958333333333
2017-06-30,310.5
2017-07-01,317.4375
2017-07-02,312.375
2017-07-03,294.583333333333
2017-07-04,263.416666666667
2017-07-05,245.041666666667
2017-07-06,213.5
2017-07-07,182.354166666667
2017-07-08,159.8125
2017-07-09,NA
2017-07-10,130.270833333333
2017-07-11,119.208333333333
2017-07-12,98.7916666666667
2017-07-13,95.6041666666667
2017-07-14,89.9166666666667
2017-07-15,82.3541666666667
2017-07-16,77.8125
2017-07-17,77.1041666666667
2017-07-18,77.25
2017-07-19,76.7291666666667
2017-07-20,76.6875
2017-07-21,76.1041666666667
2017-07-22,75.7708333333333
2017-07-23,76.2708333333333
2017-07-24,73
2017-07-25,68.4375
2017-07-26,67.2291666666667
2017-07-27,66.75
2017-07-28,91.5833333333333
2017-07-29,165.083333333333
2017-07-30,183.770833333333
2017-07-31,258.979166666667
2017-08-01,253.791666666667
2017-08-02,359.770833333333
2017-08-03,299.875
2017-08-04,255.791666666667
2017-08-05,345.979166666667
2017-08-06,280
2017-08-07,298.333333333333
2017-08-08,274.833333333333
2017-08-09,202.458333333333
2017-08-10,169.020833333333
2017-08-11,128.583333333333
2017-08-12,252.541666666667
2017-08-13,333.6875
2017-08-14,309.8125
2017-08-15,259.083333333333
2017-08-16,170.104166666667
2017-08-17,137.979166666667
2017-08-18,122.541666666667
2017-08-19,93.4375
2017-08-20,111
2017-08-21,90.3958333333333
2017-08-22,87.4166666666667
2017-08-23,86.3958333333333
2017-08-24,95.125
2017-08-25,88.375
2017-08-26,85.2708333333333
2017-08-27,96.0625
2017-08-28,121.208333333333
2017-08-29,91.4583333333333
2017-08-30,84.7708333333333
2017-08-31,94.1875
2017-09-01,90.1666666666667
2017-09-02,81.375
2017-09-03,82.1041666666667
2017-09-04,81.9375
2017-09-05,77.9166666666667
2017-09-06,74.375
2017-09-07,74.7708333333333
2017-09-08,71.6666666666667
2017-09-09,70.375
2017-09-10,70.3541666666667
2017-09-11,54.5625
2017-09-12,39.8541666666667
2017-09-13,41.5625
2017-09-14,43.375
2017-09-15,46.9583333333333
2017-09-16,50.3125
2017-09-17,50.7916666666667
2017-09-18,50.875
2017-09-19,51.3333333333333
2017-09-20,49.4583333333333
2017-09-21,53.2291666666667
2017-09-22,51.8333333333333
2017-09-23,50.6041666666667
2017-09-24,49.625
2017-09-25,49.5833333333333
2017-09-26,49.7083333333333
2017-09-27,70.0416666666667
2017-09-28,327.5625
2017-09-29,1022.83333333333
2017-09-30,3267.29166666667
2017-10-01,1712.29166666667
2017-10-02,2386.04166666667
2017-10-03,2556.04166666667
2017-10-04,2140.83333333333
2017-10-05,1862.5
2017-10-06,2175.41666666667
2017-10-07,3703.75
2017-10-08,3211.66666666667
2017-10-09,2250.41666666667
2017-10-10,1582.08333333333
2017-10-11,1367.70833333333
2017-10-12,1286.45833333333
2017-10-13,1247.91666666667
2017-10-14,1266.25
2017-10-15,1233.33333333333
2017-10-16,1102.08333333333
2017-10-17,1034.25
2017-10-18,944.291666666667
2017-10-19,785.9375
2017-10-20,752.4375
2017-10-21,730.8125
2017-10-22,702.041666666667
2017-10-23,436.354166666667
2017-10-24,468.916666666667
2017-10-25,422.083333333333
2017-10-26,405.333333333333
2017-10-27,365.395833333333
2017-10-28,381.75
2017-10-29,374.645833333333
2017-10-30,365.833333333333
2017-10-31,473.8125
2017-11-01,541.270833333333
2017-11-02,625.25
2017-11-03,579.895833333333
2017-11-04,598.041666666667
2017-11-05,621.375
2017-11-06,749.333333333333
2017-11-07,812.125
2017-11-08,813.229166666667
2017-11-09,852.916666666667
2017-11-10,864.9375
2017-11-11,878.1875
2017-11-12,899.416666666667
2017-11-13,880.583333333333
2017-11-14,891.604166666667
2017-11-15,761.979166666667
2017-11-16,949.229166666667
2017-11-17,1031.91666666667
2017-11-18,931.333333333333
2017-11-19,935.729166666667
2017-11-20,971.5
2017-11-21,939.291666666667
2017-11-22,929.0625
2017-11-23,1024.47916666667
2017-11-24,1067.14583333333
2017-11-25,1102.08333333333
2017-11-26,1098.95833333333
2017-11-27,1095.625
2017-11-28,1151.04166666667
2017-11-29,1603.75
2017-11-30,1632.08333333333
2017-12-01,1667.29166666667
2017-12-02,1664.79166666667
2017-12-03,1672.08333333333
2017-12-04,1686.875
2017-12-05,1663.54166666667
2017-12-06,1611.45833333333
2017-12-07,1574.375
2017-12-08,1498.54166666667
2017-12-09,1479.375
2017-12-10,1443.125
2017-12-11,1403.125
2017-12-12,1394.58333333333
2017-12-13,1498.125
2017-12-14,1518.125
2017-12-15,1560
2017-12-16,1534.16666666667
2017-12-17,1451.875
2017-12-18,1246.25
2017-12-19,1258.95833333333
2017-12-20,1246.875
2017-12-21,1245.41666666667
2017-12-22,1276.875
2017-12-23,1229.58333333333
2017-12-24,1046.75
2017-12-25,940.770833333333
2017-12-26,931.416666666667
2017-12-27,913.520833333333
2017-12-28,897.083333333333
2017-12-29,860.666666666667
2017-12-30,792.166666666667
2017-12-31,NA
2018-01-01,696.375
2018-01-02,679.895833333333
2018-01-03,681.625
2018-01-04,685.916666666667
2018-01-05,668.145833333333
2018-01-06,688.75
2018-01-07,677.604166666667
2018-01-08,695.354166666667
2018-01-09,696.75
2018-01-10,680.604166666667
2018-01-11,638.625
2018-01-12,585.875
2018-01-13,558.9375
2018-01-14,542.958333333333
2018-01-15,551.854166666667
2018-01-16,544.479166666667
2018-01-17,549.479166666667
2018-01-18,539.75
2018-01-19,527.0625
2018-01-20,528.854166666667
2018-01-21,508.625
2018-01-22,479.229166666667
2018-01-23,439.291666666667
2018-01-24,451.8125
2018-01-25,506.208333333333
2018-01-26,539.166666666667
2018-01-27,534.979166666667
2018-01-28,499.9375
2018-01-29,479.75
2018-01-30,496.270833333333
2018-01-31,495.166666666667
2018-02-01,467.3125
2018-02-02,468.0625
2018-02-03,496.125
2018-02-04,509.6875
2018-02-05,515.729166666667
2018-02-06,517.770833333333
2018-02-07,524.0625
2018-02-08,532.1875
2018-02-09,535.958333333333
2018-02-10,534.9375
2018-02-11,528.354166666667
2018-02-12,546.104166666667
2018-02-13,528.979166666667
2018-02-14,525.6875
2018-02-15,538.333333333333
2018-02-16,546.479166666667
2018-02-17,580.583333333333
2018-02-18,520.8125
2018-02-19,702.875
2018-02-20,610.729166666667
2018-02-21,611.958333333333
2018-02-22,613.020833333333
2018-02-23,631.625
2018-02-24,611.354166666667
2018-02-25,605.541666666667
2018-02-26,605.541666666667
2018-02-27,584.895833333333
2018-02-28,544.8125
2018-03-01,509.125
2018-03-02,503.291666666667
2018-03-03,493.020833333333
2018-03-04,502.791666666667
2018-03-05,504.479166666667
2018-03-06,499.875
2018-03-07,478.354166666667
2018-03-08,434.770833333333
2018-03-09,432.395833333333
2018-03-10,447.770833333333
2018-03-11,NA
2018-03-12,422.270833333333
2018-03-13,420.166666666667
2018-03-14,309.645833333333
2018-03-15,296.6875
2018-03-16,264.895833333333
2018-03-17,260.666666666667
2018-03-18,257.75
2018-03-19,265.604166666667
2018-03-20,308.583333333333
2018-03-21,286.5625
2018-03-22,256.729166666667
2018-03-23,201.25
2018-03-24,201.875
2018-03-25,230.770833333333
2018-03-26,227.75
2018-03-27,198.270833333333
2018-03-28,205.041666666667
2018-03-29,194.583333333333
2018-03-30,NA
2018-03-31,NA
2018-04-01,NA
2018-04-02,NA
2018-04-03,NA
2018-04-04,NA
2018-04-05,NA
2018-04-06,NA
2018-04-07,NA
2018-04-08,NA
2018-04-09,NA
2018-04-10,NA
2018-04-11,NA
2018-04-12,NA
2018-04-13,NA
2018-04-14,NA
2018-04-15,NA
2018-04-16,NA
2018-04-17,NA
2018-04-18,NA
2018-04-19,NA
2018-04-20,NA
2018-04-21,NA
2018-04-22,NA
2018-04-23,NA
2018-04-24,NA
2018-04-25,NA
2018-04-26,NA
2018-04-27,NA
2018-04-28,NA
2018-04-29,NA
2018-04-30,NA
2018-05-01,NA
2018-05-02,NA
2018-05-03,NA
2018-05-04,NA
2018-05-05,NA
2018-05-06,NA
2018-05-07,NA
2018-05-08,NA
2018-05-09,NA
2018-05-10,NA
2018-05-11,NA
2018-05-12,NA
2018-05-13,NA
2018-05-14,NA
2018-05-15,NA
2018-05-16,NA
2018-05-17,NA
2018-05-18,NA
2018-05-19,NA
2018-05-20,NA
2018-05-21,NA
2018-05-22,NA
2018-05-23,NA
2018-05-24,NA
2018-05-25,NA
2018-05-26,NA
2018-05-27,NA
2018-05-28,NA
2018-05-29,NA
2018-05-30,NA
2018-05-31,NA
2018-06-01,NA
2018-06-02,NA
2018-06-03,NA
2018-06-04,NA
2018-06-05,NA
2018-06-06,NA
2018-06-07,NA
2018-06-08,NA
2018-06-09,NA
2018-06-10,NA
2018-06-11,NA
2018-06-12,NA
2018-06-13,NA
2018-06-14,NA
2018-06-15,NA
2018-06-16,NA
2018-06-17,46.6458333333333
2018-06-18,74.7708333333333
2018-06-19,98.1875
2018-06-20,46.1041666666667
2018-06-21,47.375
2018-06-22,46.5625
2018-06-23,46.1041666666667
2018-06-24,46.6666666666667
2018-06-25,46.2291666666667
2018-06-26,47.4166666666667
2018-06-27,47.375
2018-06-28,48.0625
2018-06-29,46.8333333333333
2018-06-30,47.375
2018-07-01,47.9583333333333
2018-07-02,47.3125
2018-07-03,46.1875
2018-07-04,46.0208333333333
2018-07-05,43.5833333333333
2018-07-06,43.0833333333333
2018-07-07,43.4375
2018-07-08,45.0208333333333
2018-07-09,44.7083333333333
2018-07-10,44.3958333333333
2018-07-11,44.9791666666667
2018-07-12,45.7083333333333
2018-07-13,45.8958333333333
2018-07-14,38.7083333333333
2018-07-15,48.5833333333333
2018-07-16,75.2708333333333
2018-07-17,49.2083333333333
2018-07-18,53.7916666666667
2018-07-19,42.6666666666667
2018-07-20,43.3958333333333
2018-07-21,44.5416666666667
2018-07-22,45.9375
2018-07-23,46.9791666666667
2018-07-24,50.625
2018-07-25,50.5625
2018-07-26,239.083333333333
2018-07-27,771.875
2018-07-28,581.645833333333
2018-07-29,730.520833333333
2018-07-30,487.9375
2018-07-31,644.729166666667
2018-08-01,295.166666666667
2018-08-02,126.5625
2018-08-03,67.0416666666667
2018-08-04,124.791666666667
2018-08-05,92.0833333333333
2018-08-06,66.3541666666667
2018-08-07,56.1666666666667
2018-08-08,49.5625
2018-08-09,42.3125
2018-08-10,47.7916666666667
2018-08-11,78.75
2018-08-12,67.9166666666667
2018-08-13,NA
2018-08-14,374.979166666667
2018-08-15,90.875
2018-08-16,35.8125
2018-08-17,38
2018-08-18,31.7916666666667
2018-08-19,32.7708333333333
2018-08-20,32.2708333333333
2018-08-21,31.2083333333333
2018-08-22,94.4166666666667
2018-08-23,333.25
2018-08-24,69.2708333333333
2018-08-25,177.979166666667
2018-08-26,323.9375
2018-08-27,193.3125
2018-08-28,59.125
2018-08-29,71.7291666666667
2018-08-30,51.5208333333333
2018-08-31,42.375
2018-09-01,39.4166666666667
2018-09-02,42.7916666666667
2018-09-03,49.5625
2018-09-04,85.1458333333333
2018-09-05,194.604166666667
2018-09-06,221.854166666667
2018-09-07,35.4791666666667
2018-09-08,37.6041666666667
2018-09-09,37.5625
2018-09-10,38.9166666666667
2018-09-11,36.7291666666667
2018-09-12,34.5208333333333
2018-09-13,34.5625
2018-09-14,34.125
2018-09-15,34.3333333333333
2018-09-16,34.7708333333333
2018-09-17,29.6875
2018-09-18,23.1666666666667
2018-09-19,22.6666666666667
2018-09-20,30.2916666666667
2018-09-21,29.7083333333333
2018-09-22,24.1041666666667
2018-09-23,23.5
2018-09-24,23.2916666666667
2018-09-25,24.5625
2018-09-26,24.7083333333333
2018-09-27,24.4166666666667
2018-09-28,24.3541666666667
2018-09-29,24.0833333333333
2018-09-30,24.5416666666667
2018-10-01,24.1666666666667
2018-10-02,23.8541666666667
2018-10-03,24.4166666666667
2018-10-04,25.375
2018-10-05,24.4791666666667
2018-10-06,44.3958333333333
2018-10-07,28.4791666666667
2018-10-08,30
2018-10-09,48.6666666666667
2018-10-10,47.3333333333333
2018-10-11,28.375
2018-10-12,37.8333333333333
2018-10-13,27.9166666666667
2018-10-14,27.3125
2018-10-15,25.375
2018-10-16,56.2916666666667
2018-10-17,58.5833333333333
2018-10-18,111.8125
2018-10-19,111.145833333333
2018-10-20,NA
2018-10-21,NA
2018-10-22,NA
2018-10-23,NA
2018-10-24,NA
2018-10-25,NA
2018-10-26,NA
2018-10-27,485.770833333333
2018-10-28,439.020833333333
2018-10-29,NA
2018-10-30,272.333333333333
2018-10-31,280.458333333333
2018-11-01,290.104166666667
2018-11-02,299.9375
2018-11-03,279.208333333333
2018-11-04,299
2018-11-05,319.125
2018-11-06,315.9375
2018-11-07,318.625
2018-11-08,319.125
2018-11-09,330.6875
2018-11-10,324.1875
2018-11-11,327.5
2018-11-12,321.625
2018-11-13,391.666666666667
2018-11-14,372.895833333333
2018-11-15,385.729166666667
2018-11-16,391.9375
2018-11-17,394.1875
2018-11-18,378.020833333333
2018-11-19,380.479166666667
2018-11-20,382.104166666667
2018-11-21,404.041666666667
2018-11-22,406.645833333333
2018-11-23,418.25
2018-11-24,404
2018-11-25,386.041666666667
2018-11-26,371.104166666667
2018-11-27,392.604166666667
2018-11-28,407.5
2018-11-29,355.166666666667
2018-11-30,358.458333333333
2018-12-01,372.770833333333
2018-12-02,378.25
2018-12-03,377.8125
2018-12-04,378.541666666667
2018-12-05,384.770833333333
2018-12-06,418.041666666667
2018-12-07,441.770833333333
2018-12-08,446.4375
2018-12-09,445.229166666667
2018-12-10,443.333333333333
2018-12-11,449.520833333333
2018-12-12,482.333333333333
2018-12-13,534.833333333333
2018-12-14,552.208333333333
2018-12-15,545.041666666667
2018-12-16,544.4375
2018-12-17,551.8125
2018-12-18,569.833333333333
2018-12-19,582.541666666667
2018-12-20,587.875
2018-12-21,600.854166666667
2018-12-22,624.3125
2018-12-23,628.916666666667
2018-12-24,623.979166666667
2018-12-25,620.333333333333
2018-12-26,648.25
2018-12-27,654.8125
2018-12-28,680.6875
2018-12-29,645.4375
2018-12-30,661.270833333333
2018-12-31,913.40625
NA,NA
